cell,cell_type,clusters_subset,age_pcw,age_group,t_PENK_root,seg_PENK_root,t_sd_PENK_root,t_SCPtip_root,t_sd_SCPtip_root,milestone_SCPtip
10X127_1:ACACCAAAGCCACGTC,Chrom_C,1,9.0,9-11,8.759539260135794,1,1.1618863108943882,88.17605819772794,1.1618863108943978,2
10X127_1:ACAGCTAAGGCAATTA,Aut_Neu_1,3,9.0,9-11,10.396215785189083,2,0.725240862829818,107.33181324305282,0.7252408628298131,2
10X127_1:ACGATGTAGGGCATGT,Chrom_C,1,9.0,9-11,6.793614408298047,1,1.5800234541165163,90.14198304956544,1.58002345411652,2
10X127_1:ACGTCAATCACCTTAT,Aut_Neu_1,3,9.0,9-11,2.7249283118886694,2,2.6709639918792405,99.66052576975225,2.6709639918792374,2
10X127_1:ACTATCTCAACGATCT,SCP_1,4,9.0,9-11,29.68606770636773,1,1.4467004038739792,67.24952975149577,1.4467004038739826,2
10X127_1:AGTCTTTGTGCGAAAC,SCP_2,7,9.0,9-11,23.834519130722352,1,2.2951874358196305,73.1010783271412,2.2951874358196265,2
10X127_1:ATCGAGTGTACTTAGC,Chrom_C,1,9.0,9-11,3.2418655949624657,2,1.4263746214757105,93.69373186290099,1.4263746214757156,2
10X127_1:ATGAGGGCAGTCAGCC,SCP_1,4,9.0,9-11,23.509996833013574,1,2.225295755717367,73.42560062484999,2.2252957557173643,2
10X127_1:ATTCTACAGGATGCGT,SCP_5,8,9.0,9-11,24.344482741407596,1,2.310586853311524,72.59111471645599,2.310586853311521,2
10X127_1:ATTTCTGTCTGTCAAG,SCP_5,8,9.0,9-11,33.685248523826296,1,0.0,63.250348934037284,0.0,0
10X127_1:CATCAGACATCCAACA,SCP_5,8,9.0,9-11,33.66550492876605,1,7.105427357601002e-15,63.27009252909745,2.1316282072803006e-14,0
10X127_1:CATTCGCCACTAAGTC,Chrom_C,1,9.0,9-11,1.5494690400935573,2,2.4244491428434807,98.48506649795713,2.4244491428434847,2
10X127_1:CCGGGATTCATATCGG,SCP_2,7,9.0,9-11,25.9207339017074,1,1.5065323484267732,71.01486355615627,1.506532348426772,2
10X127_1:CCTAAAGTCTAACTGG,Aut_Neu_1,3,9.0,9-11,9.514876494683767,2,1.3880615800685612,106.45047395254747,1.3880615800685585,2
10X127_1:CCTTTCTTCCTAGTGA,Chrom_C,1,9.0,9-11,1.923478808392002,2,2.5646384111893377,98.85907626625558,2.564638411189335,2
10X127_1:CGAATGTGTCTGCGGT,Chrom_C,1,9.0,9-11,4.00564707109626,1,1.1196344343786555,92.9299503867673,1.1196344343786604,2
10X127_1:CGAGAAGCAGGGATTG,SCP_5,8,9.0,9-11,24.298122413163473,1,2.31384022070245,72.63747504470011,2.313840220702447,2
10X127_1:CGATGGCCACAGGCCT,SCP_4,11,9.0,9-11,30.20660171539417,1,1.2540134982343876,66.72899574246932,1.254013498234391,2
10X127_1:CGATTGAAGAGACTAT,SCP_1,4,9.0,9-11,24.25176208491936,1,2.316161256716568,72.68383537294422,2.3161612567165646,2
10X127_1:CGCGTTTTCCGGGTGT,SCP_2,7,9.0,9-11,30.54307643613645,1,0.9693585257982082,66.39252102172712,0.9693585257982049,0
10X127_1:CGGTTAATCGTGGGAA,Aut_Neu_1,3,9.0,9-11,7.539080400850509,2,1.757574053931854,104.47467785871402,1.7575740539318547,2
10X127_1:CGTAGCGCACAGAGGT,SCP_2,7,9.0,9-11,24.483563726139923,1,2.295187435819631,72.45203373172367,2.295187435819627,2
10X127_1:CGTCACTAGCGTAATA,Aut_Neu_1,3,9.0,9-11,7.05451038583863,1,1.4414655126989153,89.88108707202497,1.4414655126989193,2
10X127_1:CGTCTACTCCTTAATC,Chrom_C,1,9.0,9-11,3.0941263338645295,2,1.5727945606563325,93.84147112399901,1.5727945606563303,2
10X127_1:CGTTCTGCATCACCCT,SCP_4,11,9.0,9-11,29.19527655571264,1,1.4898650109498193,67.74032090215098,1.4898650109498206,2
10X127_1:CGTTGGGCAAGCGATG,SCP_1,4,9.0,9-11,23.463636504769468,1,2.211246725130776,73.47196095309408,2.211246725130771,2
10X127_1:CTAACTTAGGCCCGTT,SCP_5,8,9.0,9-11,28.745515735374273,1,1.4060452102574617,68.19008172248944,1.4060452102574692,2
10X127_1:CTACATTAGTAAGTAC,SCP_3,12,9.0,9-11,29.465146980139508,1,1.4200722325223893,67.47045047772411,1.4200722325224011,2
10X127_1:CTGCTGTTCAGTTTGG,Aut_Neu_2,13,9.0,9-11,8.974453673649633,1,0.9727493664843231,87.96114378421403,0.9727493664843244,2
10X127_1:GAAACTCAGACTAAGT,SCP_1,4,9.0,9-11,30.748804175075637,1,0.7932695064162377,66.18679328278785,0.7932695064162394,0
10X127_1:GAACGGACACATTTCT,Aut_Neu_2,13,9.0,9-11,14.983455275769224,1,3.552713678800501e-15,81.95214218209452,1.4210854715202004e-14,2
10X127_1:GAGCAGAGTCAGCTAT,SCP_2,7,9.0,9-11,23.880879458966465,1,2.3012661745217597,73.0547179988971,2.301266174521756,2
10X127_1:GATTCAGCACATCCGG,Chrom_C,1,9.0,9-11,3.4729478484855587,2,2.548446997805397,100.40854530634917,2.548446997805394,2
10X127_1:GCACTCTTCTGAAAGA,Aut_Neu_1,3,9.0,9-11,9.694369697633835,1,0.21142958667826758,87.24122776022989,0.21142958667826647,2
10X127_1:GCATGTATCAGCGATT,Aut_Neu_2,13,9.0,9-11,15.402094768464679,1,7.105427357601002e-15,81.53350268939899,1.4210854715202004e-14,2
10X127_1:GCGCAGTAGCCACCTG,Aut_Neu_2,13,9.0,9-11,13.801971584800844,2,1.7763568394002505e-15,110.73756904266455,1.4210854715202004e-14,2
10X127_1:GCGCCAAGTATGGTTC,Aut_Neu_1,3,9.0,9-11,0.2137198675991115,2,1.0470092470260048,97.14931732546269,1.0470092470260035,2
10X127_1:GCTGCGAAGGCCCGTT,Chrom_C,1,9.0,9-11,4.169093870286776,1,0.9721530729308453,92.76650358757674,0.9721530729308475,2
10X127_1:GGAAAGCTCCTCCTAG,Aut_Neu_1,3,9.0,9-11,74.73983600115415,1,2.0885400791897024,22.195761456709516,2.0885400791897024,0
10X127_1:GGAACTTGTGAGGGTT,SCP_1,4,9.0,9-11,24.25176208491936,1,2.3161612567165677,72.68383537294422,2.316161256716565,2
10X127_1:GGACAGACACGGCCAT,SCP_5,8,9.0,9-11,29.46003673045021,1,1.3634940262089452,67.47556072741332,1.3634940262089503,2
10X127_1:GGACATTCATCACCCT,SCP_1,4,9.0,9-11,19.320173739010453,1,1.3428603576654023,77.6154237188533,1.3428603576653972,2
10X127_1:GGATGTTAGTGATCGG,SCP_4,11,9.0,9-11,10.69899559975065,1,1.191945865451066,86.2366018581129,1.1919458654510662,2
10X127_1:GGGCATCCATGCTAGT,SCP_2,7,9.0,9-11,26.19889587117207,1,1.1009967936758982,70.7367015866916,1.1009967936758975,2
10X127_1:TACAGTGCAGACGCAA,Chrom_C,1,9.0,9-11,2.2521204295142816,2,1.5141169226110893,94.68347702834939,1.514116922611091,2
10X127_1:TACAGTGTCGGTCCGA,Aut_Neu_2,13,9.0,9-11,7.897077548572869,2,1.886247549123295,104.83267500643653,1.8862475491232995,2
10X127_1:TACGGGCTCAGTTCGA,SCP_5,8,9.0,9-11,30.283020234739215,1,1.0351456421375254,66.65257722312437,1.035145642137522,2
10X127_1:TACGGTATCAGCTTAG,Aut_Neu_1,3,9.0,9-11,9.5589972490296,2,1.454736035903655,106.49459470689331,1.4547360359036554,2
10X127_1:TACTTACGTCCTAGCG,SCP_5,8,9.0,9-11,24.437203397895814,1,2.3012661745217597,72.49839405996778,2.301266174521756,2
10X127_1:TAGTGGTTCAGTTGAC,Aut_Neu_1,3,9.0,9-11,3.7400976829844477,2,2.4484686769721713,100.67569514084806,2.4484686769721744,2
10X127_1:TAGTGGTTCCCGACTT,Aut_Neu_1,3,9.0,9-11,10.094518421843043,2,1.0052860025941694,107.03011587970676,1.0052860025941754,2
10X127_1:TCAACGAGTTATGTGC,SCP_4,11,9.0,9-11,18.74938134756206,1,1.2443307381868582,78.18621611030161,1.244330738186862,2
10X127_1:TCAATCTCAAGAAGAG,SCP_1,4,9.0,9-11,18.5466209295235,1,1.1708284405663512,78.38897652834012,1.1708284405663478,2
10X127_1:TCAGGTAAGTCCGTAT,Chrom_C,1,9.0,9-11,3.1821494300558846,2,1.4407191757027842,93.75344802780769,1.4407191757027864,2
10X127_1:TCATTTGGTTCGCTAA,SCP_2,7,9.0,9-11,24.85444635209283,1,2.2112467251307746,72.0811511057708,2.2112467251307715,2
10X127_1:TCTCTAAGTTACCGAT,Chrom_C,1,9.0,9-11,4.602770557036413,1,0.7642785740671572,92.33282690082723,0.764278574067156,2
10X127_1:TCTTTCCAGTACGATA,Aut_Neu_2,13,9.0,9-11,1.3357491724944461,2,2.3135854329284657,98.27134663035804,2.3135854329284573,2
10X127_1:TCTTTCCCATCGATGT,SCP_5,8,9.0,9-11,37.08216267800216,1,0.8553669788121656,59.8534347798614,0.8553669788121657,0
10X127_1:TGAAAGAAGCTAACTC,Aut_Neu_1,3,9.0,9-11,0.3205798013986672,2,1.2688914093341506,97.25617725926226,1.2688914093341488,2
10X127_1:TGACTTTTCTACTATC,SCP_1,4,9.0,9-11,27.415243018059495,1,1.300974286272393,69.5203544398039,1.3009742862723939,2
10X127_1:TGCCCATTCTTGTTTG,SCP_5,8,9.0,9-11,33.26475680775865,1,0.0,63.670840650104836,7.105427357601002e-15,0
10X127_1:TGCGCAGCAGGCAGTA,Chrom_C,1,9.0,9-11,2.938648179487781,2,2.658107291515076,99.87424563735138,2.6581072915150727,2
10X127_1:TGGGCGTAGAATAGGG,Chrom_C,1,9.0,9-11,14.993266137698578,1,1.7763568394002505e-15,81.94233132016505,0.0,2
10X127_1:TTCTCAAGTACGCTGC,Chrom_C,1,9.0,9-11,9.433358997329458,1,0.5657389896814088,87.50223846053424,0.5657389896814133,2
10X127_1:TTGAACGTCGGCCGAT,Aut_Neu_1,3,9.0,9-11,2.831788245688225,2,2.6666853123329335,99.76738570355184,2.666685312332938,2
10X142_1:AAGGAGCGTCTCTCTG,Aut_Neu_2,13,8.5,7-8,14.471656233507536,2,3.552713678800501e-15,111.40725369137118,2.842170943040401e-14,2
10X142_1:AAGGCAGAGAGACGAA,SCP_3,12,8.5,7-8,28.4925556485039,1,1.5006392209743598,68.4430418093596,1.5006392209743658,2
10X142_1:AAGGCAGGTTTGTGTG,SCP_4,11,8.5,7-8,36.584361236421934,1,0.25660169237718905,60.35123622144163,0.2566016923771837,0
10X142_1:ACACCGGAGGCTACGA,Aut_Neu_2,13,8.5,7-8,18.622957437367912,2,2.799740174282635,115.55855489523142,2.799740174282631,2
10X142_1:ACAGCTACAGCCTTGG,SCP_1,4,8.5,7-8,69.82900108908251,1,1.004329773948063,27.106596368781066,1.0043297739480597,0
10X142_1:ACGCAGCAGGAGTCTG,Aut_Neu_1,3,8.5,7-8,7.865191796085273,2,1.8143291930730623,104.80078925394895,1.814329193073063,2
10X142_1:ACTGAGTCACATGACT,Aut_Neu_2,13,8.5,7-8,19.724750905441418,2,2.87850470822665,116.66034836330489,2.8785047082266555,2
10X142_1:ACTGAGTTCCAGGGCT,Aut_Neu_1,3,8.5,7-8,75.15829792759098,1,2.0203522089423336,21.77729953027269,2.020352208942333,0
10X142_1:ACTGTCCTCTTTACGT,SCP_4,11,8.5,7-8,66.72950419713828,1,1.4210854715202004e-14,30.206093260725503,0.0,0
10X142_1:AGAATAGGTCATGCCG,SCP_2,7,8.5,7-8,34.47711470452473,1,0.0,62.45848275333899,7.105427357601002e-15,0
10X142_1:AGCAGCCCATCCAACA,Aut_Neu_1,3,8.5,7-8,27.5056697982601,2,1.1149313806531682,124.44126725612375,1.11493138065317,2
10X142_1:AGCATACTCAGTTAGC,Aut_Neu_1,3,8.5,7-8,31.554118737973432,2,1.4210854715202004e-14,128.48971619583665,2.842170943040401e-14,2
10X142_1:AGCTCTCAGGTAGCCA,Aut_Neu_1,3,8.5,7-8,20.5945878539205,2,2.631326658701287,117.53018531178388,2.631326658701279,2
10X142_1:ATCATGGAGTCATCCA,Aut_Neu_1,3,8.5,7-8,86.06129370483261,1,0.3114039684736553,10.874303753030922,0.31140396847365387,0
10X142_1:ATCTGCCCAAGTACCT,SCP_5,8,8.5,7-8,34.601025090977494,1,1.4210854715202004e-14,62.33457236688621,1.4210854715202004e-14,0
10X142_1:ATGAGGGTCTCCTATA,SCP_1,4,8.5,7-8,69.2701121877588,1,0.8653894523958924,27.6654852701049,0.865389452395887,0
10X142_1:ATGTGTGCATGAAGTA,Aut_Neu_1,3,8.5,7-8,26.5866386687331,2,1.5876649690260256,123.52223612659687,1.5876649690260236,2
10X142_1:CACATAGTCCGCAAGC,SCP_2,7,8.5,7-8,66.63330876601258,1,1.4210854715202004e-14,30.302288691850993,3.552713678800501e-15,0
10X142_1:CACATTTAGCGACGTA,Chrom_C,1,8.5,7-8,89.63566407980724,1,1.5242751335058176,7.299933378056295,1.5242751335058167,0
10X142_1:CAGCATAAGTGGGCTA,Aut_Neu_2,13,8.5,7-8,20.014696554934446,2,2.8284194392697874,116.95029401279785,2.828419439269786,2
10X142_1:CATGCCTTCATCGCTC,SCP_5,8,8.5,7-8,66.39648919789487,1,1.4210854715202004e-14,30.539108259968692,3.552713678800501e-15,0
10X142_1:CATTATCGTAACGTTC,Aut_Neu_1,3,8.5,7-8,27.89780372427948,2,0.7120875540986384,124.83340118214318,0.7120875540986338,2
10X142_1:CCTAAAGCAAAGGAAG,Aut_Neu_1,3,8.5,7-8,23.51768898001814,2,1.6959958488087121,120.45328643788162,1.6959958488087106,2
10X142_1:CGACTTCTCACAAACC,Bridge_state,17,8.5,7-8,80.53807781375431,1,0.8932748164920082,16.39751964410917,0.8932748164920132,0
10X142_1:CGCTATCAGCGACGTA,Aut_Neu_1,3,8.5,7-8,90.00480640310212,1,1.4977058290562228,6.930791054761545,1.4977058290562215,0
10X142_1:CGCTTCACAAGTTCTG,SCP_5,8,8.5,7-8,37.78642146002884,1,1.2166346098453373,59.14917599783479,1.2166346098453373,0
10X142_1:CGGACGTTCTTAGCCC,Aut_Neu_1,3,8.5,7-8,15.36348303604025,2,8.881784197001252e-15,112.29908049390373,1.4210854715202004e-14,2
10X142_1:CGGAGTCTCCGTCATC,Aut_Neu_2,13,8.5,7-8,30.35205431532844,2,7.105427357601002e-15,127.28765177319234,4.263256414560601e-14,2
10X142_1:CGTGTAACATGACATC,Aut_Neu_1,3,8.5,7-8,19.66676177554281,2,2.8849227868928073,116.60235923340629,2.8849227868928056,2
10X142_1:CGTTGGGGTGCAGACA,SCP_5,8,8.5,7-8,37.02276394459968,1,0.7393771242266087,59.912833513263884,0.7393771242266087,0
10X142_1:CTCAGAAGTCTAACGT,Aut_Neu_1,3,8.5,7-8,19.5507835157456,2,2.894232767645982,116.48638097360907,2.89423276764598,2
10X142_1:CTCGTCATCAAAGTAG,SCP_1,4,8.5,7-8,69.25784541445765,1,0.8688635151827067,27.67775204340604,0.8688635151826999,0
10X142_1:CTTAGGACATGACGGA,Aut_Neu_1,3,8.5,7-8,20.76855524361632,2,2.543601815266776,117.7041527014797,2.5436018152667748,2
10X142_1:GAACCTATCCAAATGC,Aut_Neu_1,3,8.5,7-8,18.796924827063727,2,2.8408755775910994,115.73252228492726,2.840875577591098,2
10X142_1:GATCTAGCAAAGAATC,Aut_Neu_2,13,8.5,7-8,93.75100510041435,1,2.842170943040401e-14,3.184592357449388,0.0,0
10X142_1:GCATACAAGATAGCAT,Aut_Neu_1,3,8.5,7-8,13.946613053507836,2,0.0,110.8822105113716,0.0,2
10X142_1:GCATACACAATTCCTT,SCP_1,4,8.5,7-8,66.04648333316798,1,1.4210854715202004e-14,30.88911412469573,7.105427357601002e-15,0
10X142_1:GCATGCGGTCCCTTGT,Aut_Neu_2,13,8.5,7-8,26.63308849259436,2,1.674939265691102,123.56868595045795,1.6749392656911004,2
10X142_1:GCGACCATCCTACAGA,Aut_Neu_1,3,8.5,7-8,9.304051312642448,2,1.5444316111462195,106.23964877050622,1.5444316111462226,2
10X142_1:GCTCTGTTCGCGGATC,SCP_5,8,8.5,7-8,39.457622946007035,1,1.447828550350757,57.477974511856694,1.447828550350757,0
10X142_1:GCTGCGACAGTGGGAT,Aut_Neu_2,13,8.5,7-8,20.07268568483305,2,2.8147137551005224,117.00828314269651,2.8147137551005206,2
10X142_1:GGAGCAATCTGACCTC,SCP_1,4,8.5,7-8,37.12710316636812,1,0.8597466797124974,59.80849429149547,0.8597466797124906,0
10X142_1:GGTATTGCATTTCACT,Aut_Neu_2,13,8.5,7-8,9.15671813507548,1,0.852650807724903,87.7788793227882,0.8526508077249059,2
10X142_1:GTACTTTTCGACGGAA,Bridge_state,17,8.5,7-8,30.01126128406708,1,1.2062183196877425,66.9243361737964,1.206218319687744,2
10X142_1:GTCATTTAGATATGGT,SCP_5,8,8.5,7-8,62.36833667536033,1,1.8765850085249196,34.567260782503155,1.876585008524916,0
10X142_1:GTCTCGTCACTGTCGG,SCP_4,11,8.5,7-8,31.81672738390941,1,1.0658141036401503e-14,65.1188700739542,1.4210854715202004e-14,0
10X142_1:GTGCTTCAGAGAGCTC,Aut_Neu_1,3,8.5,7-8,9.21535121559593,2,1.4476165371136758,106.15094867345944,1.4476165371136758,2
10X142_1:GTTCTCGCAAGGTTCT,Aut_Neu_1,3,8.5,7-8,85.27439472127826,1,1.1307379253020111,11.661202736585237,1.1307379253020093,0
10X142_1:GTTCTCGGTTAGATGA,Aut_Neu_2,13,8.5,7-8,18.5069791775707,2,2.7659052133169526,115.4425766354342,2.7659052133169513,2
10X142_1:TAGACCACATCGGGTC,Aut_Neu_1,3,8.5,7-8,94.34839632268611,1,0.0,2.5872011351777093,0.0,0
10X142_1:TATGCCCTCTATCGCC,Aut_Neu_2,13,8.5,7-8,28.929996442974538,2,3.552713678800501e-15,125.86559390083812,5.684341886080802e-14,2
10X142_1:TCAACGAGTGCACCAC,SCP_3,12,8.5,7-8,30.76685135715002,1,0.7855609051348655,66.1687461007135,0.7855609051348689,0
10X142_1:TCAACGAGTTGTCTTT,Aut_Neu_1,3,8.5,7-8,30.131068190423786,2,3.552713678800501e-15,127.06666564828757,5.684341886080802e-14,2
10X142_1:TCACAAGAGTAACCCT,Aut_Neu_1,3,8.5,7-8,94.95033946218972,1,1.4210854715202004e-14,1.9852579956739211,4.440892098500626e-16,0
10X142_1:TCAGATGCAAGCCCAC,Aut_Neu_1,3,8.5,7-8,89.5635102130039,1,1.6163826638393788,7.372087244859671,1.616382663839382,0
10X142_1:TCAGGATGTTTGACAC,Aut_Neu_2,13,8.5,7-8,19.492794385846995,2,2.89713600116524,116.4283918437105,2.897136001165229,2
10X142_1:TCATTTGTCTCTGTCG,SCP_4,11,8.5,7-8,33.067940220102635,1,7.105427357601002e-15,63.86765723776085,2.1316282072803006e-14,0
10X142_1:TCGGTAAGTTGACGTT,SCP_3,12,8.5,7-8,30.53901736737806,1,0.9156080362190433,66.39658009048544,0.9156080362190506,0
10X142_1:TCTATTGAGATGTCGG,SCP_5,8,8.5,7-8,41.71884073264452,1,0.5182931672484989,55.216756725219156,0.5182931672484957,0
10X142_1:TCTGAGACAAGTTAAG,Aut_Neu_1,3,8.5,7-8,18.391000917773486,2,2.7267226373660507,115.32659837563705,2.7267226373660485,2
10X142_1:TCTTCGGTCATAGCAC,SCP_2,7,8.5,7-8,61.45861649531278,1,1.4870168743975591,35.47698096255067,1.4870168743975565,0
10X142_1:TGATTTCGTCGCATAT,Chrom_C,1,8.5,7-8,80.78587733698666,1,0.6959093160150174,16.149720120876886,0.6959093160150172,0
10X142_1:TGCCCTAGTAAATGAC,SCP_5,8,8.5,7-8,67.0302348055893,1,0.0,29.905362652274434,3.552713678800501e-15,0
10X142_1:TGCCCTAGTCTCTTAT,SCP_5,8,8.5,7-8,37.71726333668827,1,1.3532923005589836,59.21833412117533,1.3532923005589803,0
10X142_1:TGCTGCTCAAGCCCAC,SCP_1,4,8.5,7-8,66.87782093417604,1,0.0,30.057776523687618,3.552713678800501e-15,0
10X142_1:TGGACGCGTCTCGTTC,SCP_2,7,8.5,7-8,30.637644100383763,1,0.9073623686572939,66.29795335747986,0.9073623686573024,0
10X142_1:TTAACTCTCATGCATG,SCP_1,4,8.5,7-8,32.954203106913575,1,0.0,63.98139435095004,2.1316282072803006e-14,0
10X142_1:TTCCCAGCATTACGAC,SCP_1,4,8.5,7-8,29.91946130820665,1,1.2909458608097304,67.016136149657,1.2909458608097268,2
10X142_1:TTCTCAACAGTCAGCC,Aut_Neu_2,13,8.5,7-8,27.408502502259754,2,1.1673054474586617,124.34409996012344,1.1673054474586635,2
10X142_1:TTGCGTCTCGGACAAG,Chrom_C,1,8.5,7-8,12.339003744790013,2,1.7763568394002505e-15,109.27460120265343,2.842170943040401e-14,2
10X142_1:TTTCCTCAGACCGGAT,Chrom_C,1,8.5,7-8,10.28379778753134,2,0.804612523128204,107.21939524539508,0.8046125231281996,2
10X151_3:ACTGTCCTCTTGAGAC,Bridge_state,17,6.0,5-6,18.716257349153217,1,1.1400138997651987,78.21934010871045,1.1400138997651916,2
10X151_3:AGAGCGATCGTTGACA,Aut_Neu_1,3,6.0,5-6,3.152368047086892,2,2.6278637211397737,100.08796550495046,2.62786372113977,2
10X151_3:AGATTGCCATCTGGTA,SCP_5,8,6.0,5-6,4.3910608076559114,1,0.9703572082614773,92.54453665020763,0.9703572082614765,2
10X151_3:AGATTGCGTAGCTTGT,Aut_Neu_1,3,6.0,5-6,3.68666771608467,2,2.4710998675220304,100.6222651739483,2.471099867522034,2
10X151_3:AGTAGTCTCTGTGCAA,SCP_1,4,6.0,5-6,23.880879458966465,1,2.3012661745217597,73.05471799889709,2.301266174521756,2
10X151_3:CACACTCGTGTAAGTA,Bridge_state,17,6.0,5-6,13.29977972329171,1,0.7201760259551627,83.63581773457192,0.7201760259551585,2
10X151_3:CCCAGTTTCTTATCTG,Aut_Neu_2,13,6.0,5-6,11.284263157627045,2,0.0,108.21986061549067,4.263256414560601e-14,2
10X151_3:CCTATTATCGTGGTCG,Aut_Neu_2,13,6.0,5-6,9.186063198825087,2,1.4735775892468554,106.12166065668883,1.4735775892468566,2
10X151_3:CCTCAGTTCTGCAAGT,Aut_Neu_2,13,6.0,5-6,14.419012065248348,2,0.0,111.35460952311209,2.842170943040401e-14,2
10X151_3:CCTTACGCATGGTCTA,SCP_5,8,6.0,5-6,22.860952237596006,1,1.9204594606217216,74.07464522026751,1.920459460621719,2
10X151_3:CGAATGTGTAGGACAC,Aut_Neu_1,3,6.0,5-6,12.710210921194157,2,3.552713678800501e-15,109.64580837905787,5.684341886080802e-14,2
10X151_3:CGCCAAGAGTACATGA,SCP_5,8,6.0,5-6,15.34195136469769,1,3.552713678800501e-15,81.593646093166,2.842170943040401e-14,2
10X151_3:CGGAGTCAGCGTCAAG,SCP_5,8,6.0,5-6,19.03478087672136,1,1.2288988913160328,77.90081658114215,1.2288988913160312,2
10X151_3:CGTCACTTCAAAGTAG,Aut_Neu_1,3,6.0,5-6,1.3833479584353316,2,1.6834506047167077,95.55224949942833,1.6834506047167073,2
10X151_3:GAGGTGATCTGTTTGT,Bridge_state,17,6.0,5-6,8.784579335038726,1,1.11023807549367,88.151018122825,1.1102380754936685,2
10X151_3:GATGAAATCTCGCTTG,SCP_3,12,6.0,5-6,8.658203633815782,1,1.304988166976071,88.27739382404792,1.3049881669760681,2
10X151_3:GCAGCCAGTGTGAATA,SCP_1,4,6.0,5-6,23.46363650476946,1,2.2112467251307746,73.47196095309408,2.2112467251307715,2
10X151_3:GCATACATCCCACTTG,SCP_4,11,6.0,5-6,23.46363650476946,1,2.2112467251307746,73.47196095309408,2.2112467251307715,2
10X151_3:GCATGCGAGATGTTAG,SCP_2,7,6.0,5-6,24.761725695604596,1,2.238296620503207,72.17387176225901,2.238296620503203,2
10X151_3:GCTCTGTAGAGTCTGG,Aut_Neu_1,3,6.0,5-6,5.758521288082976,1,1.0131539637328384,91.1770761697807,1.0131539637328424,2
10X151_3:GGAAAGCAGCCGTCGT,Aut_Neu_2,13,6.0,5-6,9.112085334302787,2,1.6026224058152059,106.04768279216647,1.602622405815205,2
10X151_3:GGAATAACATCACGAT,Aut_Neu_1,3,6.0,5-6,8.514885138028733,2,1.6749177875524044,105.4504825958923,1.6749177875524068,2
10X151_3:GGACGTCAGATACACA,SCP_1,4,6.0,5-6,24.669005039116367,1,2.2612247130772656,72.26659241874722,2.261224713077262,2
10X151_3:GGCTCGAGTTCCAACA,SCP_1,4,6.0,5-6,24.25176208491936,1,2.316161256716568,72.68383537294422,2.3161612567165646,2
10X151_3:GTACTCCAGGATGCGT,Bridge_state,17,6.0,5-6,15.973715080153102,1,8.881784197001252e-15,80.96188237771071,0.0,2
10X151_3:GTGCATAGTTGAGGTG,SCP_2,7,6.0,5-6,23.18547453530479,1,2.103655768385785,73.75012292255875,2.1036557683857815,2
10X151_3:GTGCGGTCAGCTGTTA,Aut_Neu_1,3,6.0,5-6,4.6527889126662725,1,0.7046133220589675,92.28280854519733,0.7046133220589709,2
10X151_3:GTGGGTCTCCGAATGT,SCP_1,4,6.0,5-6,24.06632077194292,1,2.3161612567165686,72.86927668592065,2.316161256716565,2
10X151_3:GTTACAGAGCAACGGT,SCP_2,7,6.0,5-6,29.03143346446176,1,1.5686854933147183,67.90416399340172,1.568685493314718,2
10X151_3:TATCTCAGTTTGCATG,Aut_Neu_1,3,6.0,5-6,13.313389316606397,2,3.552713678800501e-15,110.24898677446987,1.4210854715202004e-14,2
10X151_3:TCGTAGAGTTGGTGGA,Aut_Neu_2,13,6.0,5-6,4.637563607870755,1,0.728436306711056,92.29803384999282,0.7284363067110561,2
10X151_3:TCTATTGTCAAACCAC,SCP_4,11,6.0,5-6,18.226721791562728,1,0.8025161005208973,78.70887566630084,0.802516100520892,2
10X151_3:TGCCCTACAAGACGTG,Chrom_C,1,6.0,5-6,4.968986921679337,2,1.3632496643151226,101.90458437954295,1.363249664315121,2
10X151_3:TGGACGCGTAGGAGTC,SCP_1,4,6.0,5-6,19.211710529425233,1,1.3168199678862087,77.72388692843845,1.3168199678862083,2
10X151_3:TGTATTCAGCAGGCTA,Aut_Neu_1,3,6.0,5-6,2.831788245688225,2,2.6666853123329335,99.76738570355184,2.6666853123329304,2
10X158_1:AAATGCCAGCCGCCTA,Aut_Neu_1,3,8.0,7-8,3.633237749184892,2,2.492380533886252,100.56883520704852,2.4923805338862555,2
10X158_1:AACCATGTCAGTTAGC,Aut_Neu_1,3,8.0,7-8,3.3126579477862252,2,2.593418163547707,100.24825540564983,2.5934181635477045,2
10X158_1:ACACCCTCATGGTAGG,Aut_Neu_1,3,8.0,7-8,4.2209673850824485,2,2.176246562563614,101.15656484294608,2.1762465625636054,2
10X158_1:ACCGTAAGTCCATGAT,SCP_1,4,8.0,7-8,30.552288101596805,1,0.9782807628073464,66.38330935626668,0.9782807628073532,0
10X158_1:ACGGGTCTCTGCCAGG,SCP_1,4,8.0,7-8,30.53689388957033,1,0.9770906711610705,66.39870356829314,0.9770906711610741,0
10X158_1:AGTAGTCGTGAGGGAG,SCP_2,7,8.0,7-8,25.78165291697506,1,1.6553948303953911,71.15394454088859,1.6553948303953883,2
10X158_1:ATCTACTGTTACTGAC,Chrom_C,1,8.0,7-8,12.432921401234225,1,1.0342572227489624,84.50267605662934,1.0342572227489624,2
10X158_1:CAACCAACAAGTCATC,Aut_Neu_2,13,8.0,7-8,12.995491291358196,1,0.8527017341982471,83.94010616650536,0.8527017341982528,2
10X158_1:CACCAGGAGATCTGCT,SCP_4,11,8.0,7-8,29.543110068805454,1,1.449326998246077,67.39248738905812,1.449326998246077,2
10X158_1:CAGATCAAGTGTACCT,SCP_5,8,8.0,7-8,18.311647365039182,1,0.918904999311308,78.62395009282454,0.918904999311303,2
10X158_1:CATCCACAGACTAGAT,Aut_Neu_1,3,8.0,7-8,2.831788245688225,2,2.6666853123329335,99.76738570355184,2.6666853123329304,2
10X158_1:CCATTCGTCTGGCGTG,SCP_1,4,8.0,7-8,30.904322458340456,1,0.6032752663707937,66.0312749995231,0.6032752663707921,0
10X158_1:CCGTACTCAATGAAAC,Bridge_state,17,8.0,7-8,4.315958962818552,1,0.9640571516906976,92.61963849504502,0.9640571516906947,2
10X158_1:CGAGCCATCATGTCTT,SCP_1,4,8.0,7-8,28.64081834604854,1,1.669619527614075,68.29477911181517,1.6696195276140748,2
10X158_1:CGTCAGGTCTGAGGGA,SCP_2,7,8.0,7-8,18.191568623269394,1,0.9019840763561907,78.7440288345942,0.9019840763561873,2
10X158_1:CGTCCATCACTCAGGC,SCP_1,4,8.0,7-8,27.925836587205445,1,1.535265238112295,69.0097608706582,1.5352652381122922,2
10X158_1:CGTCCATTCAAGATCC,SCP_3,12,8.0,7-8,30.215574397335427,1,1.2189607448938016,66.72002306052819,1.218960744893807,2
10X158_1:CGTGTCTCAGGACCCT,Aut_Neu_2,13,8.0,7-8,2.4043485104900024,2,2.6581072915150763,99.33994596835362,2.658107291515073,2
10X158_1:CTTAACTAGGTTACCT,SCP_5,8,8.0,7-8,23.741798474234134,1,2.280155346555895,73.1937989836294,2.2801553465558917,2
10X158_1:GAATAAGGTAAGTAGT,SCP_5,8,8.0,7-8,31.186003157297435,1,0.27288186572351014,65.74959430056607,0.27288186572351153,0
10X158_1:GACAGAGCAAGTAGTA,Aut_Neu_2,13,8.0,7-8,8.802815729817928,1,1.0256854426104751,88.13278172804571,1.0256854426104782,2
10X158_1:GACAGAGGTGTCTGAT,SCP_5,8,8.0,7-8,31.24516516661401,1,0.19768685791332527,65.6904322912495,0.1976868579133252,0
10X158_1:GACCTGGAGTCGTACT,SCP_4,11,8.0,7-8,16.32018905671993,1,7.105427357601002e-15,80.61540840114345,1.4210854715202004e-14,2
10X158_1:GACGTGCTCAACGCTA,Aut_Neu_2,13,8.0,7-8,15.04377033146754,1,5.329070518200751e-15,81.89182712639627,1.4210854715202004e-14,2
10X158_1:GATCAGTCAGGTCCAC,Chrom_C,1,8.0,7-8,9.299334791152521,1,0.7169675132556326,87.63626266671119,0.7169675132556308,2
10X158_1:GGACATTGTAATTGGA,SCP_5,8,8.0,7-8,31.879484110681926,1,7.105427357601002e-15,65.05611334718174,0.0,0
10X158_1:GGACGTCAGCCTATGT,Aut_Neu_1,3,8.0,7-8,10.052278479747542,2,0.995765811714027,106.98787593761115,0.9957658117140284,2
10X158_1:GGAGCAATCAAGAAGT,SCP_1,4,8.0,7-8,25.45713061926628,1,1.9204594606217216,71.47846683859736,1.9204594606217191,2
10X158_1:GGGAGATGTGGCCCTA,SCP_5,8,8.0,7-8,31.11485516260391,1,0.361794067627883,65.82074229525963,0.3617940676278845,0
10X158_1:GTCAAGTCATCCGTGG,SCP_4,11,8.0,7-8,30.843830607609917,1,0.7076672807885729,66.09176685025368,0.7076672807885795,0
10X158_1:GTCACAAAGATAGCAT,SCP_4,11,8.0,7-8,30.51576604108051,1,1.0249315867042845,66.41983141678301,1.0249315867042847,0
10X158_1:TAGAGCTCAGAAGCAC,Aut_Neu_1,3,8.0,7-8,14.726948053130853,1,0.0,82.20864940473263,1.4210854715202004e-14,2
10X158_1:TAGAGCTTCGTTACGA,My_SC,19,8.0,7-8,13.1163147411088,1,0.8509394231481799,83.81928271675473,0.8509394231481826,2
10X158_1:TAGTGGTGTTTGTTTC,Bridge_state,17,8.0,7-8,8.50762662299179,1,1.2610735824918908,88.427970834872,1.261073582491889,2
10X158_1:TCACAAGCAGATAATG,SCP_4,11,8.0,7-8,29.663688101407388,1,1.2140547753025699,67.27190935645629,1.214054775302575,2
10X158_1:TCGGGACAGCGATAGC,Chrom_C,1,8.0,7-8,4.16753741818267,2,2.2133166286719788,101.10313487604625,2.2133166286719756,2
10X158_1:TTAGGACCAAATTGCC,SCP_5,8,8.0,7-8,36.5183493437818,1,0.14255895152682804,60.41724811408176,0.14255895152682357,0
10X158_1:TTAGGACTCGCAGGCT,SCP_2,7,8.0,7-8,34.8355665978355,1,1.4210854715202004e-14,62.100030860028085,2.1316282072803006e-14,0
10X158_1:TTATGCTTCAATCACG,SCP_4,11,8.0,7-8,30.72001950636638,1,0.7805071475848326,66.21557795149714,0.7805071475848325,0
10X158_2:AAAGCAATCACCATAG,Aut_Neu_1,3,8.0,7-8,9.690127860459583,2,1.255046062275823,106.6257253183233,1.2550460622758155,2
10X158_2:AAGGTTCGTATTCGTG,SCP_5,8,8.0,7-8,33.32477996521356,1,7.105427357601002e-15,63.61081749265009,2.842170943040401e-14,0
10X158_2:ACCCACTCACACTGCG,Bridge_state,17,8.0,7-8,3.5849362898868815,2,1.4586125166048725,93.35066116797672,1.458612516604875,2
10X158_2:ACGCCAGGTGTGACGA,Aut_Neu_1,3,8.0,7-8,14.53828142968087,2,0.0,111.47387888754437,1.4210854715202004e-14,2
10X158_2:ACGTCAATCCTATGTT,Aut_Neu_1,3,8.0,7-8,6.6452323547209176,2,1.7657184180134862,103.58082981258461,1.7657184180134884,2
10X158_2:ACTTACTAGCGTTTAC,SCP_1,4,8.0,7-8,29.932679880373247,1,1.3047074275219621,67.00291757749036,1.3047074275219672,2
10X158_2:AGCTTGAAGGCCCTCA,Aut_Neu_1,3,8.0,7-8,2.285322421923959,2,1.7571982435025748,94.65027503593964,1.7571982435025746,2
10X158_2:AGGCCGTCACACAGAG,Aut_Neu_2,13,8.0,7-8,13.093315278962084,1,0.8267406877112051,83.84228217890146,0.8267406877112078,2
10X158_2:ATTACTCGTCTTGATG,Aut_Neu_1,3,8.0,7-8,6.906024942398005,2,1.5906765018726086,103.84162240026163,1.590676501872607,2
10X158_2:ATTGGTGAGTACGATA,Aut_Neu_2,13,8.0,7-8,18.680946567266513,2,2.814713755100522,115.61654402513001,2.8147137551005135,2
10X158_2:CACATTTCAGTTCCCT,SCP_2,7,8.0,7-8,24.06632077194292,1,2.316161256716568,72.86927668592065,2.316161256716565,2
10X158_2:CAGCAGCTCATGCAAC,Aut_Neu_1,3,8.0,7-8,14.323604993372326,2,5.329070518200751e-15,111.25920245123596,0.0,2
10X158_2:CCATTCGCATCGATGT,SCP_5,8,8.0,7-8,15.950879577274177,1,1.7763568394002505e-15,80.98471788058943,0.0,2
10X158_2:CCTTTCTAGCTCCTTC,SCP_4,11,8.0,7-8,15.720189849249,1,1.7763568394002505e-15,81.21540760861446,0.0,2
10X158_2:CCTTTCTGTCTGGAGA,SCP_1,4,8.0,7-8,34.60930920465265,1,1.4210854715202004e-14,62.326288253210826,0.0,0
10X158_2:CGGACGTAGGAGTAGA,My_SC,19,8.0,7-8,2.7698833989788536,2,1.6005790986385589,94.16571405888482,1.6005790986385564,2
10X158_2:CGGAGCTAGAAAGTGG,Chrom_C,1,8.0,7-8,11.31462125993482,1,1.3487835439264424,85.62097619792868,1.3487835439264393,2
10X158_2:CGGAGCTGTCCAGTAT,Aut_Neu_2,13,8.0,7-8,12.055916353868973,1,1.2392386545846212,84.87968110399466,1.2392386545846241,2
10X158_2:CGTCAGGGTGGTGTAG,SCP_5,8,8.0,7-8,15.276279566161007,1,3.552713678800501e-15,81.65931789170276,1.4210854715202004e-14,2
10X158_2:CGTTGGGGTCAGGACA,SCP_5,8,8.0,7-8,34.15455474141947,1,0.0,62.78104271644407,7.105427357601002e-15,0
10X158_2:CTCGTCACACCACCAG,Chrom_C,1,8.0,7-8,12.398381020774002,1,1.1301278875372165,84.53721643708967,1.1301278875372132,2
10X158_2:CTGAAGTAGCGAAGGG,Aut_Neu_2,13,8.0,7-8,19.95670742503584,2,2.8408755775910994,116.8923048828993,2.8408755775910906,2
10X158_2:CTGATAGCAGGACGTA,SCP_4,11,8.0,7-8,30.08046708784325,1,1.1891425323283542,66.85513037002029,1.1891425323283595,2
10X158_2:CTGTGCTCAACAACCT,SCP_1,4,8.0,7-8,30.143084596344867,1,1.2991012352314906,66.79251286151866,1.2991012352314995,2
10X158_2:GACCAATAGATGTCGG,Aut_Neu_2,13,8.0,7-8,3.3247886183486686,2,1.5445666116519219,93.61080883951492,1.5445666116519283,2
10X158_2:GACGTTATCAAAGACA,Aut_Neu_1,3,8.0,7-8,4.2209673850824485,2,2.176246562563614,101.15656484294607,2.176246562563611,2
10X158_2:GACTAACCACACAGAG,Chrom_C,1,8.0,7-8,7.281863846738666,1,1.512403453410196,89.6537336111251,1.5124034534101978,2
10X158_2:GATCTAGGTCTCCATC,SCP_1,4,8.0,7-8,15.780546921308998,1,1.7763568394002505e-15,81.15505053655471,2.842170943040401e-14,2
10X158_2:GCCTCTAGTACAGTGG,SCP_5,8,8.0,7-8,15.944359582266548,1,1.7763568394002505e-15,80.9912378755971,1.4210854715202004e-14,2
10X158_2:GCGACCACACAACTGT,Aut_Neu_1,3,8.0,7-8,18.680946567266513,2,2.8147137551005224,115.61654402513004,2.8147137551005272,2
10X158_2:GCGAGAATCGCATGAT,Chrom_C,1,8.0,7-8,15.321415802373616,1,0.0,81.61418165549001,1.4210854715202004e-14,2
10X158_2:GGACATTTCGCGCCAA,Aut_Neu_1,3,8.0,7-8,12.768944961311401,2,3.552713678800501e-15,109.70454241917481,4.263256414560601e-14,2
10X158_2:GGGAATGGTCCGAAGA,SCP_1,4,8.0,7-8,24.715365367360477,1,2.2502674868176498,72.22023209050312,2.250267486817646,2
10X158_2:GTCTTCGGTGTGGCTC,Aut_Neu_1,3,8.0,7-8,15.181991588594945,2,1.7763568394002505e-15,112.11758904645836,1.4210854715202004e-14,2
10X158_2:GTGCAGCTCAGCTCGG,Aut_Neu_1,3,8.0,7-8,19.724750905441415,2,2.87850470822665,116.66034836330489,2.8785047082266484,2
10X158_2:GTTCTCGAGTACTTGC,Aut_Neu_1,3,8.0,7-8,3.8469576167840036,2,2.398999563907693,100.7825550746476,2.3989995639076835,2
10X158_2:GTTTCTACACAGGTTT,Aut_Neu_2,13,8.0,7-8,12.90113836118667,1,0.9173496070923786,84.0344590966769,0.9173496070923769,2
10X158_2:TAAGCGTCACGTGAGA,Aut_Neu_1,3,8.0,7-8,15.833339776366534,1,3.552713678800501e-15,81.10225768149688,2.842170943040401e-14,2
10X158_2:TAGACCATCCCAAGAT,SCP_5,8,8.0,7-8,34.09018361226891,1,7.105427357601002e-15,62.84541384559459,1.4210854715202004e-14,0
10X158_2:TATGCCCGTGCAACGA,Aut_Neu_1,3,8.0,7-8,14.293521105278408,2,3.552713678800501e-15,111.22911856314202,1.4210854715202004e-14,2
10X158_2:TCAGCTCCACAGGTTT,Aut_Neu_1,3,8.0,7-8,10.817358715720905,2,0.0933726242032666,107.75295617358465,0.09337262420326764,2
10X158_2:TCAGCTCTCTTTAGGG,SCP_1,4,8.0,7-8,29.424850914757393,1,1.4509533658069957,67.51074654310622,1.4509533658070024,2
10X158_2:TGGGAAGAGTTAGGTA,Chrom_C,1,8.0,7-8,15.271092870430515,1,1.7763568394002505e-15,81.66450458743294,0.0,2
10X158_2:TTAGGCACAGGCTGAA,Aut_Neu_1,3,8.0,7-8,15.531978054974545,1,8.881784197001252e-15,81.40361940288926,0.0,2
10X158_2:TTCTACAGTCTGGAGA,SCP_4,11,8.0,7-8,30.372548160470604,1,1.0454197201439521,66.56304929739298,1.045419720143954,2
10X158_2:TTGACTTGTCCCGACA,Aut_Neu_1,3,8.0,7-8,19.724750905441415,2,2.87850470822665,116.66034836330489,2.8785047082266484,2
10X166_1:AAGACAATCTCTCGAC,Aut_Neu_1,3,8.5,7-8,33.22696524135062,2,7.105427357601002e-15,130.16256269921402,5.684341886080802e-14,2
10X166_1:AAGTTCGTCATGCCAA,SCP_5,8,8.5,7-8,57.89912925504392,1,0.5606823202764136,39.0364682028197,0.5606823202764103,0
10X166_1:AGACAGGGTAGAGGAA,SCP_3,12,8.5,7-8,58.14662977738515,1,0.7332142478520971,38.788967680478535,0.7332142478520935,0
10X166_1:AGCCACGGTATGTGTC,SCP_3,12,8.5,7-8,56.022631067385234,1,0.5290474898419274,40.912966390478516,0.5290474898419238,0
10X166_1:AGGTCATCAGGCCCTA,SCP_1,4,8.5,7-8,58.41515954994911,1,0.8824227701431205,38.520437907914484,0.8824227701431206,0
10X166_1:ATCATTCCATCGCCTT,SCP_1,4,8.5,7-8,58.3163993732802,1,0.8531651500518076,38.619198084583466,0.8531651500518076,0
10X166_1:ATGAAAGTCAAGCGTT,SCP_2,7,8.5,7-8,57.84890190502479,1,0.47996373507172174,39.086695552838854,0.4799637350717218,0
10X166_1:ATTACCTTCGACGACC,Aut_Neu_1,3,8.5,7-8,94.72370604309259,1,1.4210854715202004e-14,2.211891414770917,0.0,0
10X166_1:CAGATACAGCCTATTG,Aut_Neu_2,13,8.5,7-8,32.91406116095185,2,7.105427357601002e-15,129.84965861881562,2.842170943040401e-14,2
10X166_1:CCAATGAGTCACAATC,Aut_Neu_1,3,8.5,7-8,62.44414669036432,1,1.8857503133951423,34.49145076749923,1.885750313395135,0
10X166_1:CGTTCTGAGCAAGTCG,Aut_Neu_1,3,8.5,7-8,31.60684340941074,2,1.0658141036401503e-14,128.54244086727397,0.0,2
10X166_1:CTGCGAGCAAGTACCT,Aut_Neu_1,3,8.5,7-8,32.307645490362255,2,1.4210854715202004e-14,129.24324294822566,0.0,2
10X166_1:GAAGTAAAGCATGAAT,SCP_1,4,8.5,7-8,66.62051077298815,1,0.0,30.3150866848755,1.0658141036401503e-14,0
10X166_1:GACTCAATCAAGTGTC,Aut_Neu_1,3,8.5,7-8,94.37369992359365,1,0.0,2.5618975342697485,4.440892098500626e-16,0
10X166_1:GACTTCCGTCCCTAAA,Bridge_state,17,8.5,7-8,94.75290289125957,1,1.4210854715202004e-14,2.1826945666039212,8.881784197001252e-16,0
10X166_1:GAGATGGAGCCGATAG,SCP_1,4,8.5,7-8,62.899006780388106,1,1.8765850085249196,34.036590677475466,1.876585008524916,0
10X166_1:GCACGGTAGATTGCGG,Aut_Neu_1,3,8.5,7-8,95.29360133543376,1,0.0,1.6419961224299409,4.440892098500626e-16,0
10X166_1:GGCAGTCTCCAGCACG,Aut_Neu_2,13,8.5,7-8,18.587502651295267,1,1.0791814348303796,78.3480948065684,1.0791814348303796,2
10X166_1:GGTGTTAGTCGAATGG,SCP_3,12,8.5,7-8,38.250468741570025,1,1.3952806297997173,58.68512871629358,1.3952806297997171,0
10X166_1:TAGATCGTCTGCAGCG,SCP_1,4,8.5,7-8,65.37511512291992,1,1.4210854715202004e-14,31.560482334943575,3.552713678800501e-15,0
10X166_1:TCGCTTGGTGATTAGA,SCP_4,11,8.5,7-8,69.34108612214497,1,0.9471045080306988,27.594511335718764,0.9471045080306918,0
10X166_1:TCGTCCAAGAATCGTA,SCP_1,4,8.5,7-8,41.69892282759822,1,0.5531903879495459,55.236674630265476,0.553190387949549,0
10X166_1:TCTAACTCAACAGATA,SCP_1,4,8.5,7-8,63.27805685540795,1,1.7823416596506998,33.65754060245568,1.7823416596507002,0
10X166_1:TGTTGAGGTTTGATCG,Aut_Neu_1,3,8.5,7-8,32.532199784846085,2,0.0,129.46779724270948,0.0,2
10X246_1:ATCCGTCTCCTATGGA,SCP_1,4,13.25,12-14,53.8507227240751,1,0.76397988475534,43.08487473378858,0.7639798847553364,0
10X246_1:GATTCGAGTGGTAACG,SCP_2,7,13.25,12-14,51.096047777816594,1,1.4210854715202004e-14,45.83954968004683,1.4210854715202004e-14,0
10X246_1:GCCCAGATCCCGAGGT,SCP_5,8,13.25,12-14,47.10562086367164,1,1.824218666294513,49.829976594191976,1.824218666294513,0
10X246_1:TCTCAGCGTGTAGTGG,SCP_2,7,13.25,12-14,56.38436117711024,1,0.6561492909003319,40.551236280753514,0.6561492909003319,0
10X246_1:TTAATCCCAGGAGGAG,SCP_1,4,13.25,12-14,58.9877127852345,1,1.0228230320227456,37.947884672629144,1.0228230320227456,0
10X246_1:TTCACCGTCTAGACAC,SCP_4,11,13.25,12-14,56.266202324771314,1,0.63944164869275,40.66939513309243,0.6394416486927466,0
10X246_1:TTCCGGTAGGAGTATT,SCP_2,7,13.25,12-14,58.64718079516114,1,0.9590549248949436,38.28841666270245,0.9590549248949366,0
10X246_2:AAGTTCGAGACCATGG,SCP_5,8,13.25,12-14,54.5354542544525,1,0.8561660675977183,42.40014320341106,0.8561660675977183,0
10X246_2:AATCGTGAGAGAGCCT,My_SC,19,13.25,12-14,50.933586437993014,1,2.1316282072803006e-14,46.00201101987061,1.4210854715202004e-14,0
10X246_2:ACAGCCGCACAGCATT,SCP_5,8,13.25,12-14,53.824337728047425,1,0.7591879958483984,43.11125972981634,0.7591879958483985,0
10X246_2:ACATGCAGTATGCTTG,Bridge_state,17,13.25,12-14,85.1009181523348,1,1.2092395173268915,11.834679305528663,1.2092395173268915,0
10X246_2:ACCATTTGTAGCTTTG,SCP_2,7,13.25,12-14,62.25462165285442,1,1.856958541524416,34.68097580500912,1.8569585415244128,0
10X246_2:ACCCTCAGTACTCCGG,My_SC,19,13.25,12-14,50.59559250319544,1,2.1316282072803006e-14,46.340004954668174,1.4210854715202004e-14,0
10X246_2:AGAAGTAGTGTCTTAG,SCP_5,8,13.25,12-14,53.647267477875175,1,0.7420991447116346,43.28832997998848,0.7420991447116345,0
10X246_2:AGATCCACAAGTGACG,SCP_2,7,13.25,12-14,58.96544689456726,1,0.9844685356706108,37.970150563296514,0.9844685356706042,0
10X246_2:AGATCGTCAGAGGCTA,Aut_Neu_2,13,13.25,12-14,31.558801365864493,2,1.4210854715202004e-14,128.49439882372823,2.842170943040401e-14,2
10X246_2:AGATGCTAGTGTAGTA,SCP_5,8,13.25,12-14,54.028006145852686,1,0.8648549601502975,42.90759131201107,0.8648549601502942,0
10X246_2:AGCCAGCAGGGTCTTT,SCP_5,8,13.25,12-14,53.64777474500008,1,0.7133622857975096,43.2878227128635,0.7133622857975096,0
10X246_2:AGCCAGCGTAGTTCCA,Aut_Neu_1,3,13.25,12-14,55.8898068119445,1,0.467649828400234,41.04579064591915,0.46764982840023406,0
10X246_2:AGGGCTCCACGCCACA,SCP_2,7,13.25,12-14,58.25639586688667,1,0.7298875573825229,38.679201590977016,0.7298875573825229,0
10X246_2:ATCCATTCACGTTGGC,SCP_5,8,13.25,12-14,51.496149637754925,1,1.4210854715202004e-14,45.4394478201085,1.4210854715202004e-14,0
10X246_2:ATGAGGGTCTAAGCGT,SCP_5,8,13.25,12-14,58.451777547518084,1,0.812731506967285,38.48381991034558,0.812731506967278,0
10X246_2:ATGTCTTCAGACCATT,SCP_4,11,13.25,12-14,59.804287292822806,1,0.9310479013818198,37.13131016504084,0.9310479013818199,0
10X246_2:ATTCCATCACAATCTG,SCP_5,8,13.25,12-14,54.08270531849433,1,0.7532200272573697,42.852892139369345,0.7532200272573728,0
10X246_2:ATTCCCGCACTGCGTG,SCP_4,11,13.25,12-14,54.22771094433695,1,0.8227509854447455,42.70788651352672,0.8227509854447422,0
10X246_2:ATTCCCGGTGAGTCAG,Aut_Neu_1,3,13.25,12-14,32.27846374658062,2,7.105427357601002e-15,129.2140612044441,0.0,2
10X246_2:ATTCCTACATATGAAG,SCP_5,8,13.25,12-14,56.37816782396644,1,0.6815126991138896,40.557429633897065,0.6815126991138861,0
10X246_2:CAACGGCAGGGTGGGA,SCP_3,12,13.25,12-14,66.36922940150244,1,0.0,30.566368056361295,0.0,0
10X246_2:CAATACGAGACGATAT,SCP_5,8,13.25,12-14,54.729820998667954,1,0.7792368788301963,42.20577645919581,0.7792368788301939,0
10X246_2:CAGATACTCTCCGAGG,Aut_Neu_1,3,13.25,12-14,32.699893125951384,2,0.0,129.63549058381486,2.842170943040401e-14,2
10X246_2:CATGGTAAGCTGAGTG,SCP_1,4,13.25,12-14,51.25903134044194,1,7.105427357601002e-15,45.6765661174217,1.4210854715202004e-14,0
10X246_2:CCAATGACAGTCCGTG,Aut_Neu_1,3,13.25,12-14,32.44455657415073,2,7.105427357601002e-15,129.38015403201447,2.842170943040401e-14,2
10X246_2:CCACACTTCCAAATGC,SCP_5,8,13.25,12-14,58.74825493266213,1,0.9798152628769682,38.18734252520148,0.9798152628769682,0
10X246_2:CCGCAAGAGAAACTCA,SCP_5,8,13.25,12-14,58.06106474277779,1,0.6770024645742376,38.87453271508594,0.6770024645742377,0
10X246_2:CCTACGTAGCTTTGTG,SCP_3,12,13.25,12-14,62.444146690364335,1,1.885750313395142,34.491450767499224,1.8857503133951388,0
10X246_2:CCTCCAAGTACTGAGG,Aut_Neu_2,13,13.25,12-14,31.730619201056324,2,7.105427357601002e-15,128.66621665891958,2.842170943040401e-14,2
10X246_2:CCTCTCCGTCCTCATC,SCP_1,4,13.25,12-14,55.83651130423238,1,0.43669499112393717,41.09908615363126,0.4366949911239302,0
10X246_2:CGAATTGAGTTTCTTC,SCP_1,4,13.25,12-14,62.59576672037224,1,1.8948712871114177,34.3398307374913,1.8948712871114146,0
10X246_2:CGACAGCAGAGTCTTC,SCP_5,8,13.25,12-14,53.64350598692187,1,0.7534176907870389,43.292091470941834,0.7534176907870425,0
10X246_2:CGACAGCGTATCAAGA,SCP_1,4,13.25,12-14,56.10229771744593,1,0.5670572911856286,40.83329974041781,0.5670572911856251,0
10X246_2:CGGAACCTCATCGTAG,Aut_Neu_1,3,13.25,12-14,34.523137156281344,2,0.0,131.4587346141451,2.842170943040401e-14,2
10X246_2:CGGGCATGTATCCCTC,My_SC,19,13.25,12-14,56.14106241761792,1,0.5885598831394064,40.79453504024574,0.5885598831393994,0
10X246_2:CGTCCATCAACACGAG,My_SC,19,13.25,12-14,58.19659696154157,1,0.822470773732459,38.73900049632212,0.8224707737324592,0
10X246_2:CGTGAATGTTTACCTT,SCP_5,8,13.25,12-14,55.86165390301767,1,0.4746179968294735,41.073943554845975,0.4746179968294699,0
10X246_2:CTAACCCGTGTATACC,SCP_5,8,13.25,12-14,53.75045606441336,1,0.7450945290928329,43.18514139345025,0.7450945290928328,0
10X246_2:CTAAGTGTCCCAATAG,SCP_4,11,13.25,12-14,58.13558696986415,1,0.7990121333836735,38.8000104879996,0.7990121333836699,0
10X246_2:CTACCCATCGTAGTCA,SCP_5,8,13.25,12-14,50.853279165100204,1,1.4210854715202004e-14,46.08231829276338,0.0,0
10X246_2:CTCAGTCAGGATCACG,Aut_Neu_1,3,13.25,12-14,32.64163729895475,2,7.105427357601002e-15,129.57723475681817,0.0,2
10X246_2:CTCTCGAAGCCGTTAT,SCP_5,8,13.25,12-14,54.02012314375617,1,0.7856397826111224,42.915474314107584,0.7856397826111192,0
10X246_2:CTGCAGGGTGCGGCTT,SCP_2,7,13.25,12-14,57.65313821461512,1,0.3229945566889272,39.28245924324859,0.3229945566889272,0
10X246_2:CTGTCGTCACCGCTGA,SCP_2,7,13.25,12-14,48.16974841901014,1,1.8242186662945128,48.765849038853524,1.8242186662945128,0
10X246_2:CTGTCGTCAGGTGGAT,SCP_5,8,13.25,12-14,48.39777575229695,1,1.741587525509582,48.537821705566714,1.741587525509582,0
10X246_2:GAAGCCCGTGCACATT,SCP_1,4,13.25,12-14,57.73661909176272,1,0.40474853513308223,39.19897836610097,0.40474853513307907,0
10X246_2:GAGGCAAGTCTTTCTA,SCP_1,4,13.25,12-14,66.0824332437059,1,1.4210854715202004e-14,30.8531642141578,3.552713678800501e-15,0
10X246_2:GCATGATGTATTTCGG,SCP_1,4,13.25,12-14,53.68958647678363,1,0.7519527667956077,43.24601098108006,0.7519527667956007,0
10X246_2:GCCATGGAGCCTCTCT,Aut_Neu_2,13,13.25,12-14,32.140009200388846,2,7.105427357601002e-15,129.07560665825255,2.842170943040401e-14,2
10X246_2:GCCGTGAGTTCAATCG,SCP_4,11,13.25,12-14,65.99807427724437,1,0.0,30.937523180619188,0.0,0
10X246_2:GCGTGCATCTCGTCAC,Aut_Neu_1,3,13.25,12-14,94.95981823223961,1,4.263256414560601e-14,1.9757792256238809,2.220446049250313e-16,0
10X246_2:GGGATGATCGTTCGCT,Aut_Neu_2,13,13.25,12-14,31.331164369908834,2,1.0658141036401503e-14,128.26676182777234,2.842170943040401e-14,2
10X246_2:GGGTATTGTCTTTATC,SCP_4,11,13.25,12-14,55.71765322569438,1,0.39101001704160704,41.217944232169266,0.3910100170416103,0
10X246_2:GGGTCACAGATACAGT,SCP_4,11,13.25,12-14,55.5962909458516,1,0.26872603607742584,41.339306512012065,0.26872603607741985,0
10X246_2:GGGTGAAGTGCCCTTT,My_SC,19,13.25,12-14,54.20823996425442,1,0.8109094433125199,42.7273574936092,0.8109094433125199,0
10X246_2:GGTGATTAGTGATAGT,SCP_1,4,13.25,12-14,53.91751222771306,1,0.7819845215455872,43.01808523015064,0.7819845215455872,0
10X246_2:GGTTGTACAACTGCTA,SCP_5,8,13.25,12-14,51.30799671444138,1,7.105427357601002e-15,45.62760074342208,1.4210854715202004e-14,0
10X246_2:GTAGCTAGTTAAGGAT,SCP_5,8,13.25,12-14,53.67806360857812,1,0.7265193927829295,43.257533849285466,0.7265193927829294,0
10X246_2:GTAGTACCATCCAATG,Aut_Neu_1,3,13.25,12-14,47.8657119746277,1,1.8864965256366335,49.069885483235936,1.886496525636634,0
10X246_2:GTATTTCTCTCAAAGC,SCP_1,4,13.25,12-14,55.99009686007106,1,0.5194630582543198,40.94550059779269,0.5194630582543163,0
10X246_2:GTCAAGTAGTTGCCCG,SCP_3,12,13.25,12-14,62.36833667536034,1,1.8765850085249198,34.567260782503176,1.876585008524916,0
10X246_2:GTCTGTCCATAGAGGC,SCP_5,8,13.25,12-14,53.74899712819401,1,0.7137249149818947,43.18660032966964,0.7137249149818948,0
10X246_2:GTGCAGCGTCCTGTTC,SCP_1,4,13.25,12-14,65.70726029360956,1,1.4210854715202004e-14,31.228337164254157,1.0658141036401503e-14,0
10X246_2:GTTCTATAGGCAGTCA,SCP_2,7,13.25,12-14,43.69830368303682,1,1.374445866273364,53.23729377482683,1.3744458662733576,0
10X246_2:TAACCAGGTAGCGTCC,Aut_Neu_1,3,13.25,12-14,56.108743697881074,1,0.5383334491814245,40.826853759982484,0.5383334491814209,0
10X246_2:TAAGTCGTCACGTCCT,Chrom_C,1,13.25,12-14,94.98802039300406,1,0.0,1.9475770648597504,6.661338147750939e-16,0
10X246_2:TACAACGGTGTACATC,Chrom_C,1,13.25,12-14,94.41883851353117,1,1.4210854715202004e-14,2.5167589443325364,0.0,0
10X246_2:TACCCACAGGTGAGAA,My_SC,19,13.25,12-14,47.371652752506265,1,1.8815133908872594,49.56394470535735,1.881513390887263,0
10X246_2:TACGGGCCAGCGACAA,My_SC,19,13.25,12-14,54.822151256680634,1,0.7527340835515332,42.113446201183,0.7527340835515306,0
10X246_2:TAGACTGTCTTTGCGC,SCP_5,8,13.25,12-14,54.11372758980425,1,0.7917581507977054,42.82186986805941,0.7917581507977021,0
10X246_2:TATCAGGAGAATTCAG,My_SC,19,13.25,12-14,53.83894140628321,1,0.8036682975672276,43.09665605158048,0.8036682975672312,0
10X246_2:TATCTGTGTGAGGATC,SCP_2,7,13.25,12-14,55.99192528504214,1,0.5317590262241133,40.94367217282161,0.5317590262241098,0
10X246_2:TCAAGTGAGCCAGAGT,Bridge_state,17,13.25,12-14,60.814231367779094,1,0.5306701050277279,36.121366090084315,0.5306701050277269,0
10X246_2:TCAATCTCAACATACC,Aut_Neu_2,13,13.25,12-14,33.22378909077637,2,0.0,130.15938654863984,2.842170943040401e-14,2
10X246_2:TCACGGGAGTCTTGGT,SCP_3,12,13.25,12-14,65.62525675893181,1,1.4210854715202004e-14,31.310340698931697,3.552713678800501e-15,0
10X246_2:TCAGGGCTCACAATGC,My_SC,19,13.25,12-14,47.10562086367163,1,1.8242186662945128,49.829976594191976,1.8242186662945132,0
10X246_2:TCCTTCTCATTCACAG,SCP_1,4,13.25,12-14,53.97893258555197,1,0.6714530330736386,42.956664872311705,0.6714530330736387,0
10X246_2:TCGGGTGAGTATGTAG,Aut_Neu_1,3,13.25,12-14,80.38527127962355,1,1.0843809119586638,16.550326178239885,1.0843809119586656,0
10X246_2:TCTACCGGTAGAGTTA,Aut_Neu_1,3,13.25,12-14,94.85818494163932,1,0.0,2.077412516224294,0.0,0
10X246_2:TCTTGCGTCAACTGGT,Aut_Neu_2,13,13.25,12-14,54.26079467624348,1,0.8001661794224519,42.6748027816201,0.8001661794224488,0
10X246_2:TGAGGGACAAGTAGTA,SCP_5,8,13.25,12-14,53.03206478565954,1,0.2584807380614034,43.903532672204136,0.2584807380614066,0
10X246_2:TGATTTCTCAGCGCAC,SCP_5,8,13.25,12-14,53.658835668853825,1,0.709127066903639,43.2767617890099,0.7091270669036389,0
10X246_2:TGCAGATTCCCGAACG,My_SC,19,13.25,12-14,46.95360264148041,1,1.772821881473693,49.98199481638318,1.7728218814736931,0
10X246_2:TGGATCAAGGTGCGAT,SCP_5,8,13.25,12-14,44.562785129461034,1,1.175491829079295,52.37281232840255,1.1754918290792926,0
10X246_2:TGTGAGTCAGGGTCTC,SCP_4,11,13.25,12-14,62.936911787890104,1,1.8708338916949823,33.9986856699735,1.870833891694979,0
10X246_2:TGTGATGTCTTTCAGT,Aut_Neu_1,3,13.25,12-14,31.891253800554896,2,1.0658141036401503e-14,128.82685125841832,0.0,2
10X246_2:TTCCAATCACGAGGAT,Aut_Neu_1,3,13.25,12-14,94.81283195317339,1,0.0,2.122765504690223,0.0,0
10X246_2:TTCCTAAGTGTTCATG,SCP_5,8,13.25,12-14,53.657443363376125,1,0.7518758192632888,43.27815409448748,0.7518758192632925,0
10X246_2:TTGATGGTCACAACCA,SCP_5,8,13.25,12-14,53.95428688462007,1,0.7235141647386278,42.98131057324369,0.7235141647386311,0
10X253_1:AAAGAACTCGATCCAA,SCP_1,4,14.0,12-14,41.57672942943664,1,0.3712987931255461,55.35886802842709,0.3712987931255461,0
10X253_1:AAAGTGACAGGGAATC,SCP_1,4,14.0,12-14,44.06059185191736,1,1.630519344497051,52.87500560594639,1.6305193444970474,0
10X253_1:AAGGAATAGTCTGGAG,SCP_1,4,14.0,12-14,61.30699646530485,1,1.3534794907938674,35.62860099255858,1.3534794907938674,0
10X253_1:AATGAAGGTGTCTCCT,SCP_5,8,14.0,12-14,54.600681948408194,1,0.78105180872106,42.33491550945557,0.78105180872106,0
10X253_1:ACATCGAAGTCAAGCG,Aut_Neu_1,3,14.0,12-14,58.753790642720276,1,0.9841490671027877,38.18180681514345,0.984149067102791,0
10X253_1:ACGATGTGTTAAGTCC,Bridge_state,17,14.0,12-14,70.6774409923284,1,1.2464797353092907,26.258156465535293,1.2464797353092862,0
10X253_1:ACTTAGGTCGGCTCTT,SCP_5,8,14.0,12-14,51.139551091235255,1,7.105427357601002e-15,45.7960463666283,7.105427357601002e-15,0
10X253_1:ACTTTCAAGGAAACGA,SCP_5,8,14.0,12-14,51.69466128186195,1,2.1316282072803006e-14,45.24093617600161,2.1316282072803006e-14,0
10X253_1:ACTTTGTAGCATTGAA,SCP_5,8,14.0,12-14,48.13174386346234,1,1.834876314905658,48.80385359440133,1.8348763149056577,0
10X253_1:AGATAGATCTTTCCAA,SCP_4,11,14.0,12-14,43.36837866114756,1,1.4274714655494467,53.567218796716034,1.4274714655494465,0
10X253_1:AGCTCAAGTCCTGAAT,Aut_Neu_2,13,14.0,12-14,12.740834897573375,1,1.0841987419926293,84.19476256029024,1.0841987419926291,2
10X253_1:AGTAGTCCAAGAAACT,SCP_5,8,14.0,12-14,49.84153446021811,1,0.0,47.09406299764546,7.105427357601002e-15,0
10X253_1:ATACCGATCGGTTAGT,SCP_5,8,14.0,12-14,48.28376208565355,1,1.7870225353686569,48.65183537221012,1.7870225353686566,0
10X253_1:ATCATTCCAGAACTCT,SCP_2,7,14.0,12-14,44.27944016390089,1,1.4951315864614567,52.65615729396265,1.4951315864614598,0
10X253_1:ATGACCAGTACGAGTG,SCP_4,11,14.0,12-14,47.06761630812383,1,1.8127017684738265,49.867981149739784,1.8127017684738265,0
10X253_1:ATTACTCCAATGCAGG,SCP_5,8,14.0,12-14,51.26088230940504,1,7.105427357601002e-15,45.674715148458716,7.105427357601002e-15,0
10X253_1:ATTCACTGTACTAGCT,SCP_5,8,14.0,12-14,50.91883166712423,1,0.0,46.01676579073953,1.4210854715202004e-14,0
10X253_1:ATTCACTGTGGTCCCA,SCP_1,4,14.0,12-14,62.40624168286234,1,1.881555090593656,34.52935577500119,1.881555090593652,0
10X253_1:ATTTCTGAGCTCGACC,SCP_5,8,14.0,12-14,48.66380764113157,1,1.5993552436108707,48.271789816732095,1.5993552436108764,0
10X253_1:CAGCAGCTCGCGCCAA,SCP_5,8,14.0,12-14,47.52367097469748,1,1.896804283468253,49.41192648316617,1.896804283468253,0
10X253_1:CCACACTTCGGTCGAC,SCP_5,8,14.0,12-14,50.143067643399625,1,1.4210854715202004e-14,46.7925298144638,1.4210854715202004e-14,0
10X253_1:CCTCAACGTGTTAGCT,SCP_5,8,14.0,12-14,48.625803085583776,1,1.6231104540702288,48.3097943722799,1.623110454070226,0
10X253_1:CCTCATGCAAATGGCG,SCP_5,8,14.0,12-14,53.50164289296719,1,0.6655824241727158,43.43395456489656,0.6655824241727157,0
10X253_1:CCTTGTGTCCGTTGGG,SCP_2,7,14.0,12-14,41.447615350646814,1,0.19364218684366938,55.48798210721693,0.19364218684366938,0
10X253_1:CGCAGGTGTTGGGATG,SCP_2,7,14.0,12-14,41.590484710430786,1,0.42189300445668887,55.34511274743291,0.42189300445669176,0
10X253_1:CGGAATTCACCCATAA,SCP_2,7,14.0,12-14,39.7448380304598,1,1.5869331645941016,57.1907594274039,1.5869331645940987,0
10X253_1:CTGCATCCATTGAGCT,SCP_1,4,14.0,12-14,42.82352477174193,1,1.2541802342171553,54.11207268612176,1.2541802342171517,0
10X253_1:CTGTACCGTCTGCAAT,My_SC,19,14.0,12-14,53.08377704256636,1,0.32688211415921586,43.85182041529733,0.32688211415921586,0
10X253_1:CTTGAGACACCAGTAT,SCP_4,11,14.0,12-14,58.373167764187386,1,0.8591055323487119,38.56242969367628,0.8591055323487119,0
10X253_1:GACAGCCAGGGAGGAC,SCP_4,11,14.0,12-14,55.52963392284631,1,0.16042271189726023,41.40596353501742,0.16042271189725735,0
10X253_1:GATCAGTGTCTCGGAC,SCP_2,7,14.0,12-14,42.06893692843637,1,0.8621902092936696,54.86666052942731,0.8621902092936696,0
10X253_1:GATTTCTTCCGCAACG,SCP_1,4,14.0,12-14,50.119984919745185,1,7.105427357601002e-15,46.815612538118415,7.105427357601002e-15,0
10X253_1:GCAACCGGTGAGATCG,My_SC,19,14.0,12-14,53.42748627716823,1,0.5987487558990624,43.50811118069548,0.5987487558990623,0
10X253_1:GCAGTTACACGGTGCT,SCP_2,7,14.0,12-14,47.48566641914968,1,1.8941372880778233,49.44993103871397,1.8941372880778231,0
10X253_1:GCCGATGGTATGCAAA,SCP_5,8,14.0,12-14,48.16974841901014,1,1.824218666294513,48.765849038853524,1.824218666294513,0
10X253_1:GGAATGGCAACACTAC,SCP_1,4,14.0,12-14,48.43578030784475,1,1.7245025117618016,48.49981715001891,1.7245025117618016,0
10X253_1:GGCGTCACACTTACAG,SCP_2,7,14.0,12-14,38.45208558627805,1,1.4557512023104364,58.48351187158563,1.4557512023104366,0
10X253_1:GGGAGATGTAACATGA,SCP_3,12,14.0,12-14,30.86861681786164,1,0.6706883944472539,66.06698064000186,0.6706883944472604,0
10X253_1:GGGCCATAGTGTTCAC,SCP_1,4,14.0,12-14,42.08862509695737,1,0.9252708236943387,54.84697236090636,0.9252708236943386,0
10X253_1:GTATTTCGTTACGGAG,Aut_Neu_2,13,14.0,12-14,12.951578657204006,1,0.8309206978478291,83.98401880065963,0.8309206978478302,2
10X253_1:GTCGAATGTCGACTTA,My_SC,19,14.0,12-14,52.8879567552134,1,0.051813914252686895,44.04764070265034,0.051813914252685216,0
10X253_1:GTCTGTCGTCGGTGTC,SCP_5,8,14.0,12-14,48.54979397448817,1,1.6670099490856833,48.38580348337551,1.6670099490856838,0
10X253_1:GTGCAGCCACCGTGAC,SCP_5,8,14.0,12-14,51.61839019270883,1,0.0,45.31720726515473,1.4210854715202004e-14,0
10X253_1:GTGTGATTCCCGAAAT,SCP_1,4,14.0,12-14,50.57242347996998,1,1.4210854715202004e-14,46.36317397789358,0.0,0
10X253_1:GTTATGGAGAATAGTC,My_SC,19,14.0,12-14,53.13537730824082,1,0.4177471355491679,43.8002201496229,0.4177471355491617,0
10X253_1:TAAGCGTCACACGCCA,Aut_Neu_1,3,14.0,12-14,15.57468250564557,1,3.552713678800501e-15,81.36091495221807,1.4210854715202004e-14,2
10X253_1:TACGTCCAGTCAACAA,SCP_5,8,14.0,12-14,43.54833680393463,1,1.4537024585138512,53.38726065392894,1.453702458513851,0
10X253_1:TAGAGTCTCATATGGC,SCP_1,4,14.0,12-14,64.22568204295747,1,1.028337075565084,32.709915414906185,1.0283370755650822,0
10X253_1:TATCGCCGTAGGCTGA,SCP_1,4,14.0,12-14,47.67568919688869,1,1.8998476938224813,49.25990826097495,1.8998476938224813,0
10X253_1:TATTGCTTCTCTATGT,SCP_1,4,14.0,12-14,62.861101772886116,1,1.881555090593659,34.07449568497745,1.8815550905936524,0
10X253_1:TCAAGCAAGTTTCTTC,SCP_1,4,14.0,12-14,52.1748566468844,1,0.0,44.76074081097919,0.0,0
10X253_1:TCACAAGCAGTCGGAA,Aut_Neu_1,3,14.0,12-14,9.220488112269077,1,0.8374078046820446,87.7151093455947,0.8374078046820483,2
10X253_1:TCCAGAACATGTCGTA,SCP_4,11,14.0,12-14,42.761683971272205,1,1.1521785063944523,54.17391348659148,1.1521785063944525,0
10X253_1:TCCGATCTCCATCTCG,SCP_1,4,14.0,12-14,61.761856555328656,1,1.682828657122398,35.17374090253485,1.6828286571223956,0
10X253_1:TGATGCAGTCCCGCAA,SCP_4,11,14.0,12-14,61.38280648030884,1,1.4238364079999715,35.55279097755464,1.4238364079999688,0
10X253_1:TGGAACTGTAAGGCCA,SCP_4,11,14.0,12-14,43.23992964279855,1,1.3352783948586666,53.69566781506509,1.3352783948586633,0
10X253_1:TGGGTTAAGTGTTCAC,Bridge_state,17,14.0,12-14,68.67222086322421,1,0.2982002580720934,28.263376594639464,0.29820025807209194,0
10X253_1:TTACAGGGTGTGTTTG,My_SC,19,14.0,12-14,56.064341149305704,1,0.5232729268353177,40.871256308557925,0.5232729268353177,0
10X253_1:TTAGGGTGTCTGTGCG,My_SC,19,14.0,12-14,51.292312904276805,1,7.105427357601002e-15,45.64328455358684,1.4210854715202004e-14,0
10X253_1:TTGCTGCTCGCTCATC,SCP_4,11,14.0,12-14,48.16974841901015,1,1.8242186662945128,48.76584903885353,1.8242186662945128,0
10X253_1:TTTCATGTCAGTGCGC,SCP_5,8,14.0,12-14,51.43955961089605,1,7.105427357601002e-15,45.49603784696771,7.105427357601002e-15,0
10X253_2:AAAGGGCTCTACTGCC,SCP_5,8,14.0,12-14,51.76480943222843,1,1.4210854715202004e-14,45.170788025635346,7.105427357601002e-15,0
10X253_2:AATGAAGCAATTGTGC,Aut_Neu_2,13,14.0,12-14,12.44876248509184,1,1.1584224273183037,84.48683497277165,1.1584224273183052,2
10X253_2:ACAGCCGAGTCGGGAT,SCP_1,4,14.0,12-14,47.18162997476724,1,1.8446896072405794,49.753967483096375,1.8446896072405763,0
10X253_2:ACTGATGGTCGAAACG,My_SC,19,14.0,12-14,48.701812196679384,1,1.5743246653515837,48.23378526118431,1.5743246653515808,0
10X253_2:AGAAATGCAAGCAGGT,SCP_4,11,14.0,12-14,51.96461056306098,1,1.4210854715202004e-14,44.97098689480249,1.4210854715202004e-14,0
10X253_2:AGACAAATCCGGACGT,Aut_Neu_1,3,14.0,12-14,12.983731111475983,1,0.8654435677862977,83.95186634638767,0.8654435677862988,2
10X253_2:AGCATCAAGCAACAGC,SCP_1,4,14.0,12-14,46.19351153052435,1,1.2350018752858678,50.74208592733923,1.2350018752858654,0
10X253_2:AGGCTGCGTCCCGTGA,SCP_5,8,14.0,12-14,51.41592146628412,1,7.105427357601002e-15,45.519675991579405,7.105427357601002e-15,0
10X253_2:AGGGTGAGTACGTTCA,SCP_5,8,14.0,12-14,51.0256550774596,1,1.4210854715202004e-14,45.90994238040405,1.4210854715202004e-14,0
10X253_2:ATGGAGGAGGTATCTC,SCP_2,7,14.0,12-14,33.313704158399695,1,7.105427357601002e-15,63.6218932994637,2.1316282072803006e-14,0
10X253_2:ATGGAGGTCTTGGGCG,SCP_1,4,14.0,12-14,37.58255273045358,1,1.136835451435856,59.35304472740998,1.1368354514358558,0
10X253_2:ATTTACCGTAGCTTTG,SCP_2,7,14.0,12-14,43.401548219706164,1,1.483749704331543,53.534049238157515,1.4837497043315397,0
10X253_2:CAAAGAATCGCGCCAA,SCP_1,4,14.0,12-14,47.67568919688869,1,1.8998476938224813,49.259908260974946,1.8998476938224815,0
10X253_2:CAACGGCCACGAGGTA,SCP_1,4,14.0,12-14,48.8918349744184,1,1.427575759112853,48.04376248344529,1.4275757591128528,0
10X253_2:CACCGTTAGTGTTCCA,Aut_Neu_1,3,14.0,12-14,34.54122887456368,1,0.0,62.39436858330007,7.105427357601002e-15,0
10X253_2:CACCGTTGTAGCTTGT,SCP_5,8,14.0,12-14,58.614154565162664,1,0.9905133402931052,38.321442892701,0.9905133402931052,0
10X253_2:CAGTGCGGTCCACTCT,SCP_5,8,14.0,12-14,47.90371653017551,1,1.8815133908872594,49.03188092768815,1.8815133908872597,0
10X253_2:CCGAACGAGTTGGCGA,SCP_2,7,14.0,12-14,30.744341005795604,1,0.7329652990568905,66.191256452068,0.7329652990568973,0
10X253_2:CCGGTAGAGAGCAGCT,SCP_1,4,14.0,12-14,58.5461792430511,1,0.8568922854849588,38.38941821481264,0.8568922854849588,0
10X253_2:CCTATCGGTGCGGATA,SCP_2,7,14.0,12-14,42.5982108464764,1,1.0584829343272957,54.33738661138727,1.0584829343272886,0
10X253_2:CGATGCGTCGTCCTTG,SCP_5,8,14.0,12-14,46.80158441928919,1,1.7064003119579465,50.134013038574395,1.7064003119579465,0
10X253_2:CGTTAGAAGATTACCC,Aut_Neu_2,13,14.0,12-14,57.78352871713578,1,0.43813075355893216,39.15206874072794,0.4381307535589322,0
10X253_2:CGTTCTGAGAGAGCAA,Aut_Neu_1,3,14.0,12-14,44.12997221542198,1,1.3752170036097795,52.805625242441636,1.3752170036097824,0
10X253_2:CTACCCACACTTCTCG,SCP_4,11,14.0,12-14,53.69189365375396,1,0.6952600877456488,43.24370380410974,0.6952600877456523,0
10X253_2:CTATCCGGTTCGTACA,SCP_5,8,14.0,12-14,50.76756704237748,1,7.105427357601002e-15,46.16803041548611,0.0,0
10X253_2:CTCAGGGAGTTGCGCC,SCP_5,8,14.0,12-14,50.6383083453408,1,7.105427357601002e-15,46.29728911252278,7.105427357601002e-15,0
10X253_2:CTGAATGGTCCATAGT,SCP_4,11,14.0,12-14,46.345529752715564,1,1.3932700204076653,50.59006770514802,1.3932700204076631,0
10X253_2:CTGAGCGTCATGCGGC,SCP_5,8,14.0,12-14,43.146654099037804,1,1.383442094119269,53.788943358825954,1.383442094119269,0
10X253_2:CTGTGGGGTCACCACG,SCP_5,8,14.0,12-14,37.06012904056736,1,0.8830606371339763,59.87546841729623,0.8830606371339795,0
10X253_2:GAATCACGTAACGCGA,SCP_1,4,14.0,12-14,50.98461534782657,1,0.0,45.950982110036946,1.4210854715202004e-14,0
10X253_2:GACCTTCCATGGTGGA,SCP_5,8,14.0,12-14,48.28376208565355,1,1.78702253536866,48.65183537221011,1.7870225353686602,0
10X253_2:GAGGGTAGTGTCCACG,SCP_1,4,14.0,12-14,65.95774589809417,1,1.4210854715202004e-14,30.977851559769228,7.105427357601002e-15,0
10X253_2:GATGAGGCAGAGATTA,SCP_2,7,14.0,12-14,43.27912628855025,1,1.3331499611933117,53.656471169313356,1.3331499611933117,0
10X253_2:GCAGTTACAGGTTCCG,SCP_2,7,14.0,12-14,34.768070527681964,1,1.4210854715202004e-14,62.16752693018162,2.1316282072803006e-14,0
10X253_2:GCCCGAAAGTAGAGTT,SCP_5,8,14.0,12-14,51.07620618212212,1,7.105427357601002e-15,45.859391275741466,7.105427357601002e-15,0
10X253_2:GCGTTTCGTCGGATTT,SCP_5,8,14.0,12-14,38.14542241087725,1,1.3410654979112424,58.790175046986285,1.3410654979112424,0
10X253_2:GCTACCTGTCCGGTGT,SCP_5,8,14.0,12-14,50.60236551771539,1,2.1316282072803006e-14,46.33323194014824,1.4210854715202004e-14,0
10X253_2:GGGCTACAGAGCTGCA,SCP_3,12,14.0,12-14,66.57239056000343,1,1.4210854715202004e-14,30.36320689786013,0.0,0
10X253_2:GGGTATTTCTGGTCAA,SCP_2,7,14.0,12-14,43.78914629523381,1,1.316936902811659,53.146451162629795,1.3169369028116562,0
10X253_2:GTCATCCAGGATGAGA,SCP_4,11,14.0,12-14,53.81122479942366,1,0.8132779614860272,43.124372658440016,0.8132779614860307,0
10X253_2:GTCATGACACAAGCAG,SCP_1,4,14.0,12-14,57.58686684937714,1,0.21462858118447886,39.34873060848658,0.21462858118447894,0
10X253_2:GTCCACTCACAGTGTT,SCP_5,8,14.0,12-14,48.32176664120135,1,1.7728218814736931,48.61383081666232,1.7728218814736927,0
10X253_2:GTCGAATGTCAATGGG,SCP_1,4,14.0,12-14,47.10562086367164,1,1.8242186662945095,49.829976594191976,1.8242186662945128,0
10X253_2:GTGCACGAGATACGAT,SCP_3,12,14.0,12-14,58.9734326706825,1,1.013026954257367,37.962164787181266,1.0130269542573604,0
10X253_2:GTGGCGTTCAATCAGC,SCP_5,8,14.0,12-14,48.39777575229696,1,1.7415875255095787,48.53782170556673,1.741587525509582,0
10X253_2:GTTCGCTCAGGATTCT,SCP_5,8,14.0,12-14,51.18661387899646,1,0.0,45.74898357886731,7.105427357601002e-15,0
10X253_2:TAACTTCAGGTAGACC,SCP_1,4,14.0,12-14,51.424468829766646,1,7.105427357601002e-15,45.51112862809711,7.105427357601002e-15,0
10X253_2:TACAACGAGTCTTCGA,SCP_4,11,14.0,12-14,47.29564364141065,1,1.8691906163716212,49.63995381645296,1.8691906163716212,0
10X253_2:TACAGGTAGCGATCGA,Aut_Neu_2,13,14.0,12-14,24.298122413163483,1,2.31384022070245,72.63747504470011,2.313840220702447,2
10X253_2:TACCCACCATAAGATG,SCP_5,8,14.0,12-14,48.35977119674915,1,1.7576850151445345,48.575826261114514,1.7576850151445345,0
10X253_2:TACCGGGGTCAGGCAA,Aut_Neu_1,3,14.0,12-14,31.865434446628683,2,1.4210854715202004e-14,128.80103190449208,5.684341886080802e-14,2
10X253_2:TACCTGCGTGGACAGT,Bridge_state,17,14.0,12-14,42.340851081189285,1,1.0627713686120246,54.59474637667441,1.062771368612021,0
10X253_2:TAGATCGGTATGAGAT,SCP_5,8,14.0,12-14,56.486862375204325,1,0.663029318918405,40.44873508265934,0.6630293189183987,0
10X253_2:TAGATCGTCGCGTGCA,SCP_5,8,14.0,12-14,51.5722281900308,1,2.1316282072803006e-14,45.36336926783275,2.1316282072803006e-14,0
10X253_2:TCACGGGCAGCTACAT,SCP_5,8,14.0,12-14,42.89284720919911,1,1.3967209621830654,54.04275024866458,1.3967209621830656,0
10X253_2:TCAGTCCTCCCTCGTA,SCP_1,4,14.0,12-14,62.444146690364306,1,1.885750313395142,34.49145076749921,1.8857503133951385,0
10X253_2:TCGCTTGTCTGCTTTA,SCP_5,8,14.0,12-14,50.96207935773602,1,7.105427357601002e-15,45.97351810012749,2.1316282072803006e-14,0
10X253_2:TCTACCGTCTATCGGA,SCP_5,8,14.0,12-14,54.25024679131294,1,0.7516946291785488,42.68535066655072,0.7516946291785489,0
10X253_2:TCTTAGTGTCCAGCAC,SCP_5,8,14.0,12-14,38.5205386295283,1,1.375620818408012,58.41505882833522,1.3756208184080052,0
10X253_2:TGGTGATGTCGTGGAA,Aut_Neu_1,3,14.0,12-14,19.19878703840431,1,1.2247799877196819,77.73681041945927,1.2247799877196768,2
10X253_2:TTCCGGTTCCATTCGC,SCP_2,7,14.0,12-14,36.93814850023814,1,0.6850164367506799,59.99744895762547,0.6850164367506834,0
10X253_2:TTCTGTATCCATCAGA,SCP_4,11,14.0,12-14,47.333648196958464,1,1.8757471701837334,49.60194926090516,1.8757471701837332,0
10X253_2:TTGATGGCAGCTCCTT,SCP_5,8,14.0,12-14,51.61768518696528,1,7.105427357601002e-15,45.31791227089831,7.105427357601002e-15,0
10X253_2:TTGCCTGAGATGACAT,SCP_4,11,14.0,12-14,49.00584864106181,1,1.3187087911410684,47.92974881680188,1.3187087911410684,0
10X253_2:TTGCTGCAGAGCATCG,SCP_1,4,14.0,12-14,47.33364819695846,1,1.8757471701837334,49.60194926090517,1.8757471701837298,0
10X253_2:TTTGATCCACGTTCGG,SCP_5,8,14.0,12-14,58.00597650166102,1,0.5863443373957823,38.92962095620256,0.5863443373957824,0
10X256_4:AACCTTTTCTCTGCTG,SCP_4,11,14.0,12-14,44.32062866374001,1,1.3310482423622023,52.61496879412353,1.3310482423622023,0
10X256_4:AATGGAAAGAAACCCG,SCP_1,4,14.0,12-14,39.80767148566659,1,1.4574512704340983,57.12792597219703,1.4574512704340983,0
10X256_4:ACCTACCCAATAGTCC,SCP_1,4,14.0,12-14,43.01604917391494,1,1.3926101882838202,53.91954828394865,1.3926101882838167,0
10X256_4:ACGATGTGTCACCCTT,SCP_5,8,14.0,12-14,51.77307662772966,1,1.4210854715202004e-14,45.1625208301339,7.105427357601002e-15,0
10X256_4:ACTGTGACATAGCTGT,SCP_1,4,14.0,12-14,66.13724289252855,1,1.4210854715202004e-14,30.798354565335114,3.552713678800501e-15,0
10X256_4:ACTTTGTAGAATTGCA,SCP_4,11,14.0,12-14,34.096650744110185,1,0.0,62.83894671375339,2.1316282072803006e-14,0
10X256_4:AGAAATGGTCGCATCG,Aut_Neu_2,13,14.0,12-14,7.556486801864653,1,1.4482336250685799,89.37911065599909,1.4482336250685786,2
10X256_4:AGCCACGTCCCGTTGT,SCP_1,4,14.0,12-14,63.46758189291784,1,1.701930615786087,33.46801556494577,1.7019306157860836,0
10X256_4:AGTACCAAGGTACTGG,SCP_4,11,14.0,12-14,39.5146597550129,1,1.664982092846924,57.420937702850715,1.6649820928469181,0
10X256_4:AGTTAGCGTTTACTGG,SCP_5,8,14.0,12-14,48.8538304188706,1,1.4600873445659777,48.08176703899309,1.4600873445659777,0
10X256_4:ATTCCATCAGTTGTTG,SCP_5,8,14.0,12-14,50.57362456802921,1,7.105427357601002e-15,46.36197288983424,2.1316282072803006e-14,0
10X256_4:ATTGTTCGTACGTGTT,SCP_5,8,14.0,12-14,46.83958897483703,1,1.7245025117618018,50.0960084830266,1.7245025117618016,0
10X256_4:CAACAACCACCTGAAT,SCP_4,11,14.0,12-14,52.9057786024244,1,0.07996882648085019,44.02981885543934,0.0799688264808478,0
10X256_4:CCACCATGTTGGATCT,SCP_2,7,14.0,12-14,43.73607382521072,1,1.3605464728346643,53.19952363265295,1.3605464728346612,0
10X256_4:CCGCAAGTCAGACCGC,SCP_5,8,14.0,12-14,48.359771196749165,1,1.7576850151445345,48.575826261114514,1.7576850151445345,0
10X256_4:CCGTAGGAGGATTTCC,SCP_1,4,14.0,12-14,42.36265268235409,1,0.9636449329319998,54.57294477550955,0.9636449329319926,0
10X256_4:CGAGTTAGTTCTCAGA,SCP_5,8,14.0,12-14,43.20307070116958,1,1.2797733873907717,53.73252675669401,1.2797733873907715,0
10X256_4:CGCATAAGTAGGACTG,Aut_Neu_1,3,14.0,12-14,16.22691754963694,1,3.552713678800501e-15,80.70867990822647,2.842170943040401e-14,2
10X256_4:CGGGACTCATTGTAGC,SCP_5,8,14.0,12-14,46.38353430826337,1,1.4275757591128528,50.552063149600215,1.4275757591128528,0
10X256_4:CTCAAGATCCAGCTCT,SCP_1,4,14.0,12-14,38.64900250244853,1,1.5652280921935198,58.286594955415055,1.5652280921935164,0
10X256_4:CTCAGGGCAAGAGTAT,SCP_4,11,14.0,12-14,38.27574907903653,1,1.475832248681299,58.65984837882707,1.4758322486813025,0
10X256_4:CTCCACACATGTCGTA,SCP_5,8,14.0,12-14,47.94172108572332,1,1.8757471701837332,48.99387637214033,1.8757471701837334,0
10X256_4:CTTCTAAGTCGAAACG,SCP_3,12,14.0,12-14,43.417114688556794,1,1.3339069222122286,53.51848276930686,1.3339069222122284,0
10X256_4:CTTCTCTCAACTGGTT,SCP_1,4,14.0,12-14,43.16032932816492,1,1.3647200391933354,53.775268129698745,1.3647200391933354,0
10X256_4:GAATAGAGTAAGATAC,SCP_3,12,14.0,12-14,30.621995843881038,1,0.9084159220490968,66.31360161398246,0.9084159220491002,0
10X256_4:GAATAGATCCGGTAAT,SCP_4,11,14.0,12-14,49.23387597434864,1,1.0310377463488405,47.70172148351507,1.0310377463488405,0
10X256_4:GAGAAATTCAAGGAGC,SCP_5,8,14.0,12-14,38.02105834302031,1,1.3487142351124226,58.91453911484322,1.3487142351124193,0
10X256_4:GAGACCCAGTCAGCGA,SCP_5,8,14.0,12-14,51.31111865161766,1,0.0,45.624478806245946,0.0,0
10X256_4:GAGTCTATCAAACTGC,SCP_1,4,14.0,12-14,44.06477945954137,1,1.3005216948459344,52.87081799832221,1.300521694845929,0
10X256_4:GATCCCTTCGGCTATA,SCP_1,4,14.0,12-14,42.538715094406264,1,1.159176886203831,54.3968823634574,1.159176886203831,0
10X256_4:GCAGGCTCACTGTCGG,SCP_5,8,14.0,12-14,46.8015844192892,1,1.706400311957943,50.13401303857439,1.7064003119579432,0
10X256_4:GCCGATGGTCCATCTC,SCP_2,7,14.0,12-14,38.481147815707956,1,1.5096875357087,58.454449642155645,1.5096875357087003,0
10X256_4:GGACGTCAGACTACGG,SCP_1,4,14.0,12-14,37.19171048599581,1,0.8860776658047786,59.74388697186782,0.8860776658047788,0
10X256_4:GGAGGATGTGGATGAC,SCP_5,8,14.0,12-14,42.19985629649935,1,0.9444641727021011,54.735741161364324,0.9444641727020943,0
10X256_4:GGCAGTCGTGATTCTG,SCP_1,4,14.0,12-14,42.5818247124911,1,1.0657130819430136,54.353772745372545,1.0657130819430065,0
10X256_4:GGGCTCACAGGTTCAT,SCP_2,7,14.0,12-14,42.3354085812622,1,0.9949014277477974,54.600188876601415,0.9949014277477976,0
10X256_4:GGGTGTCAGACAGCTG,SCP_1,4,14.0,12-14,39.974681249534186,1,1.5303403070741073,56.960916208329365,1.5303403070741073,0
10X256_4:GGGTGTCTCTCTGCCA,SCP_5,8,14.0,12-14,50.32766725464955,1,2.842170943040401e-14,46.60793020321401,7.105427357601002e-15,0
10X256_4:GGGTTATAGCAAGGAA,SCP_2,7,14.0,12-14,39.16772303209937,1,1.5169835044466973,57.76787442576413,1.5169835044466973,0
10X256_4:GTGGCGTCAATCTCTT,SCP_5,8,14.0,12-14,51.396034159045136,1,2.842170943040401e-14,45.53956329881842,7.105427357601002e-15,0
10X256_4:GTTGTGAGTTCGGGTC,SCP_1,4,14.0,12-14,39.888358557030045,1,1.5478458439998675,57.04723890083356,1.5478458439998621,0
10X256_4:TCAGCAAAGATTCGAA,SCP_5,8,14.0,12-14,43.71392334963221,1,1.3477578897967424,53.22167410823152,1.3477578897967426,0
10X256_4:TCAGTGAAGAGAACCC,My_SC,19,14.0,12-14,42.66313344069034,1,1.137785566337457,54.27246401717341,1.13778556633745,0
10X256_4:TCCATGCGTACGATGG,SCP_5,8,14.0,12-14,47.33364819695846,1,1.8757471701837332,49.60194926090519,1.875747170183737,0
10X256_4:TCCCAGTTCATCGCCT,SCP_4,11,14.0,12-14,53.05224175376605,1,0.32454521574126444,43.88335570409766,0.3245452157412675,0
10X256_4:TCCGAAATCTTCTGGC,SCP_2,7,14.0,12-14,41.692024896059884,1,0.5560741364953874,55.24357256180376,0.5560741364953874,0
10X256_4:TCCTCCCAGCGCAATG,SCP_2,7,14.0,12-14,42.55725759471258,1,1.1543959010526832,54.37833986315104,1.1543959010526832,0
10X256_4:TCTCCGAGTGTGTACT,SCP_4,11,14.0,12-14,53.00592414254898,1,0.23979757876460484,43.92967331531476,0.23979757876460484,0
10X256_4:TGACCCTAGGTAAGTT,Aut_Neu_1,3,14.0,12-14,41.96672603766768,1,0.7829171059536667,54.96887142019601,0.7829171059536634,0
10X256_4:TGCACGGAGAAGGATG,SCP_1,4,14.0,12-14,42.037733994355776,1,0.7578064503440031,54.897863463507974,0.7578064503440066,0
10X256_4:TGCGACGGTTCCACAA,SCP_4,11,14.0,12-14,42.084811680853406,1,0.9202947866027996,54.850785777010316,0.9202947866027997,0
10X256_4:TGCTCGTGTTTGGGAG,My_SC,19,14.0,12-14,42.926587567573506,1,1.3164816764305003,54.00900989029011,1.3164816764305003,0
10X256_4:TGGTTAGTCGATGGAG,SCP_2,7,14.0,12-14,36.9833008237464,1,0.7508366933299485,59.95229663411714,0.7508366933299453,0
10X256_4:TTCATGTGTAGCTGCC,SCP_5,8,14.0,12-14,50.76632306120646,1,2.1316282072803006e-14,46.169274396656974,7.105427357601002e-15,0
10X256_4:TTCGGTCTCACCTCTG,Bridge_state,17,14.0,12-14,66.48319548268522,1,2.842170943040401e-14,30.452401975178383,0.0,0
10X256_4:TTTCAGTTCACCCATC,SCP_5,8,14.0,12-14,48.58779853003598,1,1.6456455281966798,48.3477989278277,1.6456455281966829,0
10X263_4:AAACGAATCGTTAGAC,SCP_1,4,12.0,12-14,62.2546216528544,1,1.8569585415244125,34.6809758050091,1.8569585415244128,0
10X263_4:AACCCAAGTTTCACAG,SCP_1,4,12.0,12-14,50.78563993567789,1,0.0,46.14995752218563,7.105427357601002e-15,0
10X263_4:ACATCCCCAAAGCGTG,SCP_4,11,12.0,12-14,39.23939963222861,1,1.51454260207744,57.69619782563489,1.5145426020774428,0
10X263_4:ACCTACCGTTGTGCCG,Aut_Neu_1,3,12.0,12-14,94.81181761005774,1,2.842170943040401e-14,2.123779847805991,4.440892098500626e-16,0
10X263_4:AGACTCACATCCGCGA,SCP_5,8,12.0,12-14,51.02512002350149,1,0.0,45.910477434362264,1.4210854715202004e-14,0
10X263_4:AGGCCACTCTCGTCGT,SCP_2,7,12.0,12-14,47.29564364141065,1,1.8691906163716212,49.63995381645297,1.8691906163716212,0
10X263_4:ATACCTTTCCGCAGTG,SCP_5,8,12.0,12-14,43.63124903778788,1,1.265352248864748,53.304348420075755,1.265352248864748,0
10X263_4:ATGAAAGGTATCAGGG,SCP_1,4,12.0,12-14,46.117502419428746,1,1.1401366664340706,50.818095038434834,1.1401366664340706,0
10X263_4:ATTCACTTCGGACTGC,SCP_5,8,12.0,12-14,50.75637313694042,1,7.105427357601002e-15,46.17922432092301,7.105427357601002e-15,0
10X263_4:CATCGTCAGAAGCTCG,SCP_2,7,12.0,12-14,41.76036324137859,1,0.6261884265652403,55.17523421648511,0.6261884265652433,0
10X263_4:CATCGTCAGATGGTCG,SCP_5,8,12.0,12-14,50.993486643681464,1,7.105427357601002e-15,45.94211081418226,0.0,0
10X263_4:CATTCCGAGGTAGGCT,SCP_5,8,12.0,12-14,53.681537103763795,1,0.7006372010907129,43.25406035409981,0.700637201090713,0
10X263_4:CATTGCCGTCCCACGA,SCP_2,7,12.0,12-14,43.987062323302396,1,1.4653020537358836,52.9485351345612,1.4653020537358805,0
10X263_4:CCCGGAAAGGTCTACT,SCP_4,11,12.0,12-14,51.3882236713007,1,2.1316282072803006e-14,45.54737378656286,0.0,0
10X263_4:CCGCAAGGTGCAAGAC,SCP_3,12,12.0,12-14,62.44414669036431,1,1.885750313395142,34.49145076749922,1.8857503133951385,0
10X263_4:CCTAAGAGTCTTGCTC,SCP_2,7,12.0,12-14,48.13174386346233,1,1.8348763149056542,48.803853594401325,1.834876314905654,0
10X263_4:CGGCAGTCATGGTACT,SCP_5,8,12.0,12-14,53.36097615374536,1,0.5712469133136858,43.574621304118324,0.5712469133136787,0
10X263_4:CGGGTGTGTTTCGACA,Aut_Neu_2,13,12.0,12-14,31.711054615376305,2,7.105427357601002e-15,128.64665207323978,5.684341886080802e-14,2
10X263_4:CTCCCTCGTACTTGTG,SCP_4,11,12.0,12-14,47.409657308054065,1,1.8864965256366337,49.525940149809564,1.8864965256366337,0
10X263_4:CTCTGGTAGCCGATTT,SCP_5,8,12.0,12-14,50.744615222837986,1,2.1316282072803006e-14,46.19098223502564,0.0,0
10X263_4:CTGGTCTAGTATTGCC,SCP_4,11,12.0,12-14,53.214809052961975,1,0.4342201396004046,43.72078840490171,0.43422013960040456,0
10X263_4:CTTGATTCAAGACGAC,SCP_5,8,12.0,12-14,50.47944125444737,1,1.4210854715202004e-14,46.45615620341606,7.105427357601002e-15,0
10X263_4:GAAGGGTGTCGAGCAA,SCP_5,8,12.0,12-14,53.2757677244369,1,0.48091883482942144,43.659829733426804,0.48091883482941783,0
10X263_4:GACCCAGTCTCCAATT,SCP_2,7,12.0,12-14,48.055734752366725,1,1.8536719533499635,48.87986270549693,1.8536719533499668,0
10X263_4:GAGGGATGTATTTCCT,SCP_2,7,12.0,12-14,47.67568919688869,1,1.8998476938224813,49.25990826097495,1.8998476938224815,0
10X263_4:GAGTCATTCCGCACTT,SCP_5,8,12.0,12-14,51.49018603493311,1,1.4210854715202004e-14,45.44541142293051,1.4210854715202004e-14,0
10X263_4:GCCAGTGCAGCGACAA,SCP_1,4,12.0,12-14,42.53888955093972,1,1.1138687407438377,54.396707906923915,1.1138687407438306,0
10X263_4:GCTTGGGGTCGTGATT,SCP_1,4,12.0,12-14,41.62847762256135,1,0.4828336857348802,55.307119835302345,0.4828336857348803,0
10X263_4:GGGTGTCTCCGGTTCT,SCP_5,8,12.0,12-14,42.18062609255916,1,0.8679568351945769,54.75497136530459,0.8679568351945768,0
10X263_4:GGTAGAGCATCGGATT,Aut_Neu_2,13,12.0,12-14,32.44691152796441,2,7.105427357601002e-15,129.38250898582785,0.0,2
10X263_4:GGTGGCTCAGCCGTCA,SCP_1,4,12.0,12-14,59.56180611559048,1,0.9012840995928416,37.37379134227307,0.9012840995928416,0
10X263_4:GTAGATCGTTGTTGAC,Aut_Neu_1,3,12.0,12-14,39.26643380039438,1,1.6586317910661514,57.6691636574693,1.6586317910661486,0
10X263_4:GTCCACTGTTCGCGTG,SCP_5,8,12.0,12-14,50.97509096404974,1,0.0,45.960506493813824,1.4210854715202004e-14,0
10X263_4:GTGCTGGTCGAAATCC,SCP_5,8,12.0,12-14,55.025400722184216,1,0.676311819454842,41.91019673567933,0.676311819454842,0
10X263_4:GTTACCCTCACGGAGA,Aut_Neu_1,3,12.0,12-14,31.65899696387488,2,3.552713678800501e-15,128.59459442173832,2.842170943040401e-14,2
10X263_4:TAAGCGTCATGGGTTT,Aut_Neu_2,13,12.0,12-14,31.095437943582652,2,1.0658141036401503e-14,128.03103540144605,0.0,2
10X263_4:TACGGTACAGTTGTTG,Aut_Neu_1,3,12.0,12-14,19.66676177554281,2,2.8849227868928073,116.60235923340628,2.8849227868928056,2
10X263_4:TAGGAGGGTCGGCACT,My_SC,19,12.0,12-14,51.239137918903886,1,7.105427357601002e-15,45.69645953895987,0.0,0
10X263_4:TAGGTACGTATCGGTT,SCP_1,4,12.0,12-14,41.61212437378802,1,0.4028510559318315,55.32347308407566,0.40285105593182835,0
10X263_4:TATCGCCGTCCCGCAA,SCP_5,8,12.0,12-14,51.29013157323754,1,1.4210854715202004e-14,45.64546588462602,7.105427357601002e-15,0
10X263_4:TCACGCTGTAAGGCTG,SCP_1,4,12.0,12-14,50.01777178010743,1,1.4210854715202004e-14,46.917825677756,7.105427357601002e-15,0
10X263_4:TCATGGATCGTTCAGA,SCP_5,8,12.0,12-14,46.99160719702822,1,1.7870225353686602,49.94399026083539,1.7870225353686604,0
10X263_4:TCCACCATCAGTGCGC,SCP_1,4,12.0,12-14,59.192758389709404,1,1.136830898864199,37.74283906815426,1.1368308988641993,0
10X263_4:TCCGATCGTATACCTG,SCP_1,4,12.0,12-14,65.97529360902836,1,1.4210854715202004e-14,30.960303848835213,0.0,0
10X263_4:TCGTGGGCACGCCACA,My_SC,19,12.0,12-14,42.22190327262904,1,0.9503159582107849,54.71369418523465,0.9503159582107811,0
10X263_4:TCTAACTCAAGGTCAG,SCP_4,11,12.0,12-14,38.24265055923909,1,1.479184045013596,58.692946898624506,1.4791840450135927,0
10X263_4:TCTACATCAACAGCTT,SCP_4,11,12.0,12-14,42.88687437240467,1,1.1551561808838184,54.04872308545893,1.1551561808838187,0
10X263_4:TCTATACAGTCCGCGT,Aut_Neu_2,13,12.0,12-14,31.62164689090969,2,7.105427357601002e-15,128.55724434877314,0.0,2
10X263_4:TCTTTGAAGAAACACT,SCP_5,8,12.0,12-14,48.47378486339257,1,1.706400311957943,48.461812594471105,1.7064003119579465,0
10X263_4:TGAGCATGTTCACGAT,SCP_2,7,12.0,12-14,41.852342945089646,1,0.6587404440364224,55.08325451277402,0.6587404440364224,0
10X263_4:TGAGCGCAGCTACGTT,SCP_2,7,12.0,12-14,43.05027570265465,1,1.2259861471039335,53.885321755209006,1.2259861471039328,0
10X263_4:TTACAGGTCAAAGGAT,SCP_5,8,12.0,12-14,53.971907134288266,1,0.7873907780612923,42.96369032357542,0.7873907780612821,0
10X263_4:TTATTGCTCGAGTACT,SCP_1,4,12.0,12-14,47.561675530245275,1,1.8987069866083714,49.37392192761834,1.8987069866083717,0
10X263_4:TTCTAACGTTAAGGAT,SCP_1,4,12.0,12-14,41.49232363085468,1,0.26848300788464635,55.443273827009016,0.26848300788464374,0
10X263_4:TTTACGTTCTGCAGCG,SCP_3,12,12.0,12-14,46.95360264148043,1,1.7728218814736898,49.981994816383185,1.772821881473686,0
10X263_5:AACAACCCACCCTAAA,SCP_5,8,12.0,12-14,58.75144088747434,1,0.9410520573044505,38.18415657038939,0.9410520573044503,0
10X263_5:AACGAAAAGGCTCTCG,My_SC,19,12.0,12-14,43.27193114345329,1,1.4192947014381208,53.66366631441039,1.4192947014381205,0
10X263_5:AACGTCAAGGGTGGGA,My_SC,19,12.0,12-14,42.14907946476325,1,0.923136633221285,54.78651799310052,0.9231366332212849,0
10X263_5:AATCGACAGACTGGGT,SCP_1,4,12.0,12-14,39.651141688376946,1,1.5415539549809576,57.28445576948657,1.5415539549809547,0
10X263_5:AATGAAGTCTGAGAGG,Aut_Neu_2,13,12.0,12-14,8.74897135360926,1,1.1273526631891198,88.18662610425443,1.1273526631891189,2
10X263_5:ACGTACAGTTCGGCGT,Aut_Neu_1,3,12.0,12-14,23.834519130722356,1,2.2951874358196305,73.10107832714122,2.2951874358196265,2
10X263_5:ACTATGGCAAAGGCAC,SCP_1,4,12.0,12-14,62.06509661534448,1,1.8079536293071337,34.87050084251899,1.80795362930713,0
10X263_5:AGACCCGCAAAGCTAA,SCP_4,11,12.0,12-14,50.18745373360171,1,7.105427357601002e-15,46.748143724261745,2.1316282072803006e-14,0
10X263_5:AGGATCTCAGTCACGC,SCP_4,11,12.0,12-14,43.6352924255958,1,1.3718676970575363,53.300305032267715,1.371867697057533,0
10X263_5:AGGGCCTTCGGCTATA,SCP_5,8,12.0,12-14,51.29630739056757,1,1.4210854715202004e-14,45.63929006729599,7.105427357601002e-15,0
10X263_5:ATGCCTCCACAAGCCC,SCP_2,7,12.0,12-14,42.585288771816906,1,1.1584476702061715,54.35030868604678,1.1584476702061683,0
10X263_5:ATGTCTTCAGGTATGG,SCP_5,8,12.0,12-14,43.464975005175674,1,1.3652388541680212,53.47062245268797,1.3652388541680214,0
10X263_5:ATTCGTTTCCTGTAAG,SCP_2,7,12.0,12-14,42.47407582625318,1,1.0307223339513871,54.46152163161043,1.0307223339513905,0
10X263_5:CACGAATTCGGTGTAT,SCP_2,7,12.0,12-14,38.483595370469494,1,1.4144028512585374,58.45200208739412,1.4144028512585374,0
10X263_5:CATACAGTCATGTCTT,SCP_2,7,12.0,12-14,37.39202501860715,1,1.0421800934838739,59.543572439256444,1.0421800934838703,0
10X263_5:CATACAGTCTTGATTC,SCP_5,8,12.0,12-14,47.865711974627715,1,1.8864965256366337,49.06988548323595,1.8864965256366304,0
10X263_5:CATTCCGCAAGACCGA,SCP_1,4,12.0,12-14,56.173398161961494,1,0.6288118631512516,40.76219929590212,0.6288118631512553,0
10X263_5:CCACACTCACTAAACC,SCP_5,8,12.0,12-14,47.40965730805406,1,1.886496525636634,49.52594014980956,1.886496525636634,0
10X263_5:CCCAACTTCTTACGGA,SCP_4,11,12.0,12-14,48.05573475236673,1,1.8536719533499666,48.87986270549695,1.853671953349967,0
10X263_5:CCGAACGTCGAAATCC,SCP_2,7,12.0,12-14,46.83958897483701,1,1.7245025117618016,50.09600848302659,1.7245025117618016,0
10X263_5:CCGGTGATCAGGAAAT,SCP_4,11,12.0,12-14,46.269520641619955,1,1.318708791141068,50.66607681624363,1.3187087911410684,0
10X263_5:CCTCCAATCCGTCAAA,SCP_2,7,12.0,12-14,54.28486301269846,1,0.7923498060593289,42.650734445165156,0.7923498060593227,0
10X263_5:CGTTAGATCCTCAGGG,SCP_5,8,12.0,12-14,50.809642559199695,1,2.1316282072803006e-14,46.125954898663935,7.105427357601002e-15,0
10X263_5:CGTTGGGGTTCGGTTA,My_SC,19,12.0,12-14,42.45704863316506,1,1.1215084078575956,54.478548824698464,1.1215084078575956,0
10X263_5:CTACTATCAGAGTCTT,SCP_2,7,12.0,12-14,62.63367172787422,1,1.8952503750990246,34.301925729989314,1.8952503750990246,0
10X263_5:CTCAATTCAGGTGAGT,SCP_1,4,12.0,12-14,63.16434183290199,1,1.8194403600950704,33.77125562496162,1.8194403600950637,0
10X263_5:CTCAGGGGTCTGTAGT,SCP_1,4,12.0,12-14,46.95360264148043,1,1.772821881473693,49.981994816383164,1.772821881473693,0
10X263_5:CTCCCTCAGTAGATCA,My_SC,19,12.0,12-14,47.29564364141066,1,1.8691906163716214,49.63995381645297,1.8691906163716212,0
10X263_5:CTGCAGGGTGTCGCTG,SCP_3,12,12.0,12-14,38.836462666689364,1,1.6620486578039406,58.09913479117435,1.6620486578039337,0
10X263_5:GACCTTCGTTAATCGC,SCP_5,8,12.0,12-14,51.3426441242742,1,2.1316282072803006e-14,45.592953333589406,7.105427357601002e-15,0
10X263_5:GACGTTAAGACCTCCG,SCP_2,7,12.0,12-14,43.968812703246485,1,1.4151310133729995,52.96678475461716,1.4151310133729997,0
10X263_5:GAGAGGTAGTGAATAC,SCP_4,11,12.0,12-14,47.8657119746277,1,1.8864965256366304,49.069885483235936,1.8864965256366342,0
10X263_5:GCTTCACTCACCGGTG,SCP_1,4,12.0,12-14,58.78945841976221,1,1.0555289014805045,38.14613903810146,1.0555289014805012,0
10X263_5:GGAGAACCAAAGGCAC,SCP_5,8,12.0,12-14,51.80522868861079,1,1.4210854715202004e-14,45.13036876925284,2.1316282072803006e-14,0
10X263_5:GGGAGTAGTTCTAACG,SCP_5,8,12.0,12-14,50.5115592325993,1,1.4210854715202004e-14,46.42403822526427,2.1316282072803006e-14,0
10X263_5:GTACAGTAGCGTCTCG,SCP_4,11,12.0,12-14,53.35232470105074,1,0.5386458354665313,43.583272756812946,0.5386458354665314,0
10X263_5:GTCGAATTCAGGGATG,SCP_5,8,12.0,12-14,50.6803477983439,1,7.105427357601002e-15,46.25524965951982,7.105427357601002e-15,0
10X263_5:GTCGTTCCATCGATCA,SCP_2,7,12.0,12-14,37.742169891723634,1,1.3259575325778754,59.19342756614002,1.3259575325778752,0
10X263_5:GTTGAACTCTTCTGTA,SCP_1,4,12.0,12-14,47.56167553024528,1,1.8987069866083717,49.373921927618355,1.8987069866083714,0
10X263_5:TACCCACAGGCCTAAG,SCP_4,11,12.0,12-14,51.59246342041415,1,1.4210854715202004e-14,45.343134037449474,2.1316282072803006e-14,0
10X263_5:TACTGCCCACAATGTC,SCP_2,7,12.0,12-14,62.254621652854404,1,1.8569585415244192,34.680975805009105,1.8569585415244128,0
10X263_5:TCCATGCGTAGTCGGA,SCP_1,4,12.0,12-14,38.6496545812157,1,1.565696115574641,58.285942876647916,1.5656961155746378,0
10X263_5:TCCCATGGTAACATGA,SCP_5,8,12.0,12-14,48.20775297455794,1,1.8127017684738265,48.727844483305724,1.8127017684738267,0
10X263_5:TCGTAGACATATACCG,SCP_5,8,12.0,12-14,52.08740852088895,1,7.105427357601002e-15,44.84818893697452,1.4210854715202004e-14,0
10X263_5:TGGGAAGCAGTTAGAA,SCP_2,7,12.0,12-14,47.75169830798429,1,1.896804283468253,49.18389914987934,1.8968042834682495,0
10X263_5:TGGTAGTTCGGACCAC,SCP_4,11,12.0,12-14,50.35918189472103,1,1.4210854715202004e-14,46.57641556314259,7.105427357601002e-15,0
10X263_5:TGTAGACGTGGCATCC,Aut_Neu_1,3,12.0,12-14,41.81485602345665,1,0.6649589465884043,55.120741434407094,0.6649589465884043,0
10X263_5:TTAATCCCAGTCGGTC,SCP_1,4,12.0,12-14,41.69136047731538,1,0.5400920130349862,55.24423698054835,0.5400920130349863,0
10X263_5:TTCCAATTCTTGATTC,SCP_1,4,12.0,12-14,59.13397782362121,1,1.0974314573470072,37.8016196342423,1.097431457347004,0
10X263_5:TTGTGGATCACCATGA,Aut_Neu_2,13,12.0,12-14,44.10330137975943,1,1.4886338796952983,52.83229607810421,1.4886338796952923,0
10X263_5:TTTCAGTGTCAAATCC,SCP_5,8,12.0,12-14,47.63768464134088,1,1.900227777390118,49.29791281652274,1.9002277773901177,0
10X263_5:TTTCCTCGTGTTAACC,SCP_5,8,12.0,12-14,47.56167553024528,1,1.8987069866083714,49.37392192761835,1.8987069866083714,0
10X274_1:AACGGGATCGAACGCC,SCP_2,7,11.5,9-11,48.16974841901014,1,1.8242186662945128,48.76584903885353,1.824218666294513,0
10X274_1:AAGTTCGGTAGATCCT,SCP_5,8,11.5,9-11,51.34914144108852,1,2.842170943040401e-14,45.5864560167751,2.1316282072803006e-14,0
10X274_1:AATGGAACAGTTCTAG,SCP_2,7,11.5,9-11,47.06761630812383,1,1.8127017684738262,49.86798114973979,1.8127017684738265,0
10X274_1:AATTTCCCAGTAGTGG,SCP_5,8,11.5,9-11,51.538174615730014,1,7.105427357601002e-15,45.3974228421335,2.1316282072803006e-14,0
10X274_1:ACCTGTCGTTATGACC,SCP_5,8,11.5,9-11,47.7516983079843,1,1.896804283468253,49.183899149879345,1.896804283468253,0
10X274_1:ACGATCATCATTGTGG,SCP_3,12,11.5,9-11,58.35990606785826,1,0.7807949147277952,38.57569139000546,0.7807949147277952,0
10X274_1:ACGTAGTGTCAGTCGC,SCP_5,8,11.5,9-11,50.279361011567715,1,7.105427357601002e-15,46.65623644629604,1.4210854715202004e-14,0
10X274_1:AGGAAATAGTGATAGT,SCP_3,12,11.5,9-11,46.64956619709798,1,1.623110454070226,50.28603126076561,1.6231104540702226,0
10X274_1:AGGACTTTCTCATAGG,SCP_5,8,11.5,9-11,53.93189386616893,1,0.7251149975137802,43.00370359169464,0.7251149975137735,0
10X274_1:AGTGTTGTCTGCTTAT,SCP_5,8,11.5,9-11,48.01773019681892,1,1.8618353798675078,48.91786726104474,1.861835379867508,0
10X274_1:ATACTTCGTCTCCCTA,SCP_5,8,11.5,9-11,51.145973039467826,1,7.105427357601002e-15,45.78962441839577,7.105427357601002e-15,0
10X274_1:ATCCATTAGACATACA,SCP_1,4,11.5,9-11,42.04704431947085,1,0.9300102935281668,54.8885531383929,0.9300102935281669,0
10X274_1:ATGTCTTTCCAAGCAT,SCP_1,4,11.5,9-11,41.60285314272608,1,0.3867928126838109,55.33274431513767,0.38679281268380783,0
10X274_1:ATTATCCGTATGGGAC,SCP_1,4,11.5,9-11,43.75473801642764,1,1.4078972597354233,53.1808594414361,1.407897259735417,0
10X274_1:CACATGAAGGCAGGGA,My_SC,19,11.5,9-11,43.52211424668423,1,1.4697950366394956,53.41348321117944,1.4697950366394956,0
10X274_1:CACTTCGTCAAGGCTT,SCP_1,4,11.5,9-11,57.9847495219696,1,0.6650928311040905,38.950847935894146,0.6650928311040937,0
10X274_1:CAGCGTGGTTTGGGTT,SCP_5,8,11.5,9-11,47.94172108572331,1,1.8757471701837332,48.99387637214034,1.8757471701837367,0
10X274_1:CATTCATGTTTGGAGG,SCP_4,11,11.5,9-11,53.22840610041999,1,0.4925733891515919,43.70719135744378,0.4925733891515885,0
10X274_1:CCACACTCAAGCGAAC,SCP_5,8,11.5,9-11,53.923851244592534,1,0.8038960305373299,43.011746213271074,0.8038960305373265,0
10X274_1:CCATAAGAGTGCAGGT,Chrom_C,1,11.5,9-11,93.33504247449427,1,0.0,3.6005549833693435,8.881784197001252e-16,0
10X274_1:CCCTCTCAGTTGCGAG,SCP_1,4,11.5,9-11,37.12588360650086,1,0.8054565327437145,59.809713851362694,0.8054565327437145,0
10X274_1:CCTCCTCAGCACACAG,SCP_5,8,11.5,9-11,53.57610205368065,1,0.6873486210750994,43.35949540418298,0.6873486210750995,0
10X274_1:CCTGTTGTCATGTCTT,SCP_1,4,11.5,9-11,36.56505409184642,1,0.23997372872543887,60.37054336601714,0.23997372872543646,0
10X274_1:CGAGAAGGTGTCCACG,Aut_Neu_1,3,11.5,9-11,94.14360738697364,1,1.4210854715202004e-14,2.79199007088986,4.440892098500626e-16,0
10X274_1:CGATGGCTCTTCGACC,SCP_5,8,11.5,9-11,50.530922349540205,1,1.4210854715202004e-14,46.404675108323346,7.105427357601002e-15,0
10X274_1:CTATAGGGTCTCCCTA,SCP_3,12,11.5,9-11,57.65900838666617,1,0.30560752837902383,39.27658907119754,0.30560752837902383,0
10X274_1:CTCATGCAGAGAGCAA,Chrom_C,1,11.5,9-11,91.06082593429949,1,0.6746869644544408,5.8747715235642515,0.6746869644544453,0
10X274_1:CTCTCGAGTCACTAGT,SCP_5,8,11.5,9-11,52.19943249453933,1,2.1316282072803006e-14,44.73616496332429,7.105427357601002e-15,0
10X274_1:CTCTCGATCGGAACTT,SCP_5,8,11.5,9-11,52.267587243737935,1,1.4210854715202004e-14,44.66801021412549,1.4210854715202004e-14,0
10X274_1:CTGCAGGCACTGGACC,SCP_3,12,11.5,9-11,41.96754678748891,1,0.8378457944483687,54.968050670374815,0.8378457944483652,0
10X274_1:GAACTGTGTCTGTTAG,SCP_3,12,11.5,9-11,47.7897028635321,1,1.8941372880778233,49.14589459433154,1.8941372880778236,0
10X274_1:GAGTTTGGTCTCGGAC,SCP_5,8,11.5,9-11,50.77421433282172,1,0.0,46.161383125041866,0.0,0
10X274_1:GATCAGTCAGAAACCG,SCP_2,7,11.5,9-11,37.34307391990571,1,1.0941141760531128,59.59252353795795,1.0941141760531095,0
10X274_1:GATTCTTTCTCCCATG,SCP_5,8,11.5,9-11,57.82498287277117,1,0.5014530222488547,39.11061458509253,0.5014530222488514,0
10X274_1:GCACATAAGAGCACTG,Aut_Neu_1,3,11.5,9-11,42.335665363438466,1,0.9951686951105947,54.59993209442515,0.9951686951105948,0
10X274_1:GCATGATAGGGACTGT,SCP_5,8,11.5,9-11,48.51178941894038,1,1.6872481867653006,48.423808038923305,1.6872481867653006,0
10X274_1:GGGTTATAGGGAGTGG,Aut_Neu_1,3,11.5,9-11,62.482051697866325,1,1.8891758390402424,34.45354575999725,1.889175839040239,0
10X274_1:GTCAGCGAGGTGATAT,SCP_3,12,11.5,9-11,38.15782189638165,1,1.3795451072452116,58.77777556148187,1.379545107245208,0
10X274_1:GTTAGTGAGGACTGGT,SCP_2,7,11.5,9-11,41.86564429056771,1,0.6772726911627492,55.06995316729598,0.6772726911627458,0
10X274_1:GTTGTAGCAATTTCCT,SCP_3,12,11.5,9-11,47.59968008579308,1,1.8998476938224813,49.335917372070554,1.8998476938224815,0
10X274_1:TAAGCGTTCGGCTGAC,SCP_5,8,11.5,9-11,50.01429515650706,1,1.4210854715202004e-14,46.92130230135656,2.1316282072803006e-14,0
10X274_1:TATCTGTAGATACTGA,SCP_2,7,11.5,9-11,63.42967688541587,1,1.7199853992055263,33.505920572447764,1.7199853992055225,0
10X274_1:TATTTCGTCTTGTGCC,SCP_5,8,11.5,9-11,51.03994826109555,1,7.105427357601002e-15,45.895649196768005,0.0,0
10X274_1:TCACACCTCTTCTAAC,SCP_5,8,11.5,9-11,57.59473261114974,1,0.2333528394294637,39.34086484671401,0.2333528394294637,0
10X274_1:TCATATCGTCGCCTAG,SCP_5,8,11.5,9-11,50.251789470319274,1,1.4210854715202004e-14,46.68380798754433,0.0,0
10X274_1:TGAATGCTCCGCGATG,SCP_3,12,11.5,9-11,38.92321127289963,1,1.5309491154939503,58.01238618496404,1.5309491154939503,0
10X274_1:TGAGGTTCAAATCAAG,SCP_5,8,11.5,9-11,53.68127206347748,1,0.7442789107983597,43.25432539438621,0.7442789107983562,0
10X274_1:TGCTCCACAGGTCAGA,SCP_1,4,11.5,9-11,59.3576716697089,1,0.9594773803451752,37.577925788154765,0.9594773803451752,0
10X274_1:TGGGAGAAGTAACGTA,Aut_Neu_2,13,11.5,9-11,41.68033074522301,1,0.507453488744681,55.25526671264066,0.5074534887446811,0
10X274_1:TGTACAGGTATATGGA,SCP_3,12,11.5,9-11,43.4193570360987,1,1.52986412092225,53.51624042176491,1.52986412092225,0
10X274_1:TGTTGGAAGTGCTCAT,SCP_3,12,11.5,9-11,46.763579863741406,1,1.6872481867653037,50.17201759412219,1.6872481867653037,0
10X274_1:TTACCGCAGGCTAAAT,SCP_5,8,11.5,9-11,50.28876941171863,1,1.4210854715202004e-14,46.646828046144954,7.105427357601002e-15,0
10X285_2:AACCTTTGTGGAACCA,SCP_1,4,10.0,9-11,61.38280648030883,1,1.4238364079999715,35.55279097755463,1.4238364079999688,0
10X285_2:AACGTCAAGGACAGTC,Bridge_state,17,10.0,9-11,3.9658123124120537,1,1.2077096170255774,92.9697851454515,1.2077096170255877,2
10X285_2:ACATCGAGTCACTGAT,SCP_5,8,10.0,9-11,55.756006600448906,1,0.41780361161863755,41.179590857414816,0.4178036116186342,0
10X285_2:ACTTAGGAGACCAGCA,SCP_1,4,10.0,9-11,61.95138159283856,1,1.768178202542391,34.98421586502496,1.7681782025423878,0
10X285_2:ATACTTCAGGCAGCTA,SCP_5,8,10.0,9-11,62.36833667536038,1,1.8765850085249198,34.567260782503205,1.876585008524916,0
10X285_2:ATTCTTGTCTGAACGT,Aut_Neu_1,3,10.0,9-11,27.147028053787505,2,1.3756661624623032,124.08262551165114,1.3756661624622997,2
10X285_2:CAGGTATGTGACTGAG,SCP_5,8,10.0,9-11,58.90474611528858,1,1.0790609647254468,38.03085134257506,1.0790609647254468,0
10X285_2:CATCGCTTCGCGGACT,SCP_1,4,10.0,9-11,65.96041877082847,1,2.842170943040401e-14,30.975178687035132,3.552713678800501e-15,0
10X285_2:CATGCAATCATTGAGC,Aut_Neu_2,13,10.0,9-11,32.99059479889548,2,7.105427357601002e-15,129.92619225675892,0.0,2
10X285_2:CGAGTGCGTACCTGTA,Aut_Neu_1,3,10.0,9-11,32.85704820252053,2,0.0,129.79264566038378,2.842170943040401e-14,2
10X285_2:CGGAGAAGTCTTTATC,Aut_Neu_2,13,10.0,9-11,95.08970205195347,1,1.4210854715202004e-14,1.8458954059099708,4.440892098500626e-16,0
10X285_2:CTGCGAGTCCATCTAT,SCP_1,4,10.0,9-11,43.331848512713066,1,1.2174793786911933,53.6037489451507,1.217479378691187,0
10X285_2:CTGCTCAGTGGCTACC,SCP_5,8,10.0,9-11,53.845811264461624,1,0.7282087991070397,43.08978619340201,0.7282087991070432,0
10X285_2:GAGACTTGTTAGCGGA,SCP_3,12,10.0,9-11,43.05667046003668,1,1.285280439012926,53.878926997826945,1.2852804390129224,0
10X285_2:GATGCTATCTCCCATG,SCP_5,8,10.0,9-11,43.6209076225052,1,1.3977394042525064,53.314689835358465,1.3977394042525064,0
10X285_2:GCCAGTGTCGGTCATA,SCP_3,12,10.0,9-11,59.508666885362445,1,1.005981037147086,37.426930572501156,1.0059810371470832,0
10X285_2:GCTACCTCACCTGCTT,Aut_Neu_1,3,10.0,9-11,26.08074101535362,2,1.7701944330055996,123.0163384732172,1.7701944330055945,2
10X285_2:GGAATCTGTGTACAGG,SCP_3,12,10.0,9-11,41.59223369665367,1,0.3784943956745843,55.34336376121008,0.3784943956745842,0
10X285_2:GGAATGGAGAAGCGAA,SCP_5,8,10.0,9-11,53.89187148026434,1,0.7793881448351999,43.04372597759929,0.7793881448352035,0
10X285_2:GGATCTAAGTGCGACA,SCP_3,12,10.0,9-11,58.9187950266221,1,0.9531987187040302,38.01680243124149,0.9531987187040268,0
10X285_2:GGATGTTTCACTGTCC,SCP_2,7,10.0,9-11,43.05936860262094,1,1.3715757735812397,53.87622885524268,1.3715757735812397,0
10X285_2:GGATGTTTCTGGACCG,SCP_5,8,10.0,9-11,54.64045257326893,1,0.7990507860115597,42.29514488459485,0.7990507860115542,0
10X285_2:GGGTGAACAACTTGCA,Chrom_C,1,10.0,9-11,62.67157673537622,1,1.894871287111418,34.264020722487345,1.8948712871114146,0
10X285_2:GGTAGAGTCTAGACCA,SCP_5,8,10.0,9-11,47.067616308123824,1,1.8127017684738265,49.86798114973977,1.8127017684738265,0
10X285_2:GTATTTCTCCTGCTAC,Aut_Neu_1,3,10.0,9-11,19.608772645644205,2,2.8901633412336643,116.54437010350766,2.890163341233662,2
10X285_2:GTCCACTTCCACGTGG,SCP_5,8,10.0,9-11,53.67427975378272,1,0.7086043802295753,43.26131770408096,0.7086043802295753,0
10X285_2:GTCCACTTCCGACGGT,Chrom_C,1,10.0,9-11,92.87784706592615,1,4.263256414560601e-14,4.057750391937436,8.881784197001252e-16,0
10X285_2:GTCCTCAGTTAGGACG,SCP_5,8,10.0,9-11,53.34152797784348,1,0.5960823720564002,43.59406948002019,0.5960823720564004,0
10X285_2:GTCGCGAGTTCTAACG,SCP_2,7,10.0,9-11,63.77082195293372,1,1.5162003000792226,33.16477550492995,1.5162003000792197,0
10X285_2:GTCGTAAGTGAGACCA,SCP_5,8,10.0,9-11,55.70794530777951,1,0.3373402515162469,41.22765215008421,0.3373402515162434,0
10X285_2:TACAGGTCATTGCCGG,Aut_Neu_1,3,10.0,9-11,32.6968521969876,2,1.4210854715202004e-14,129.63244965485134,2.842170943040401e-14,2
10X285_2:TACCCACTCATCACAG,SCP_1,4,10.0,9-11,58.39349533978556,1,0.7949198421568291,38.54210211807811,0.7949198421568324,0
10X285_2:TATACCTTCACGAACT,SCP_5,8,10.0,9-11,51.66425684720105,1,2.1316282072803006e-14,45.27134061066258,1.4210854715202004e-14,0
10X285_2:TATATCCCAAGTTCGT,Bridge_state,17,10.0,9-11,80.38161786311728,1,1.044502327931616,16.553979594746263,1.044502327931614,0
10X285_2:TCATGTTAGATGAATC,SCP_5,8,10.0,9-11,57.84236640424731,1,0.4710573487966558,39.09323105361637,0.4710573487966558,0
10X285_2:TCCTTCTAGAGCCGAT,SCP_1,4,10.0,9-11,62.59576672037223,1,1.8948712871114217,34.33983073749129,1.8948712871114146,0
10X285_2:TGACCCTCAACTTGCA,Aut_Neu_1,3,10.0,9-11,32.728429695641005,2,7.105427357601002e-15,129.66402715350475,0.0,2
10X285_2:TGACCCTCACGACTAT,SCP_1,4,10.0,9-11,51.7283266240214,1,1.4210854715202004e-14,45.20727083384222,1.4210854715202004e-14,0
10X285_2:TGCAGGCTCTGGGCAC,SCP_1,4,10.0,9-11,65.79812584752466,1,1.4210854715202004e-14,31.137471610339045,0.0,0
10X285_2:TGTCAGAAGAAGCTGC,SCP_3,12,10.0,9-11,38.2644728155961,1,1.4362570180327254,58.67112464226742,1.4362570180327254,0
10X285_2:TTCATTGAGACGCCAA,SCP_1,4,10.0,9-11,65.80916577608905,1,1.4210854715202004e-14,31.126431681774523,3.552713678800501e-15,0
10X285_2:TTCCTCTCACGGCGTT,Aut_Neu_1,3,10.0,9-11,32.473948984906094,2,1.4210854715202004e-14,129.40954644276994,2.842170943040401e-14,2
10X285_2:TTCTTGAGTTGGTAGG,Bridge_state,17,10.0,9-11,79.80658941227169,1,1.156000982604695,17.129008045591988,1.1560009826047055,0
10X285_2:TTGCTGCAGCCGCACT,Aut_Neu_2,13,10.0,9-11,32.720023852003116,2,7.105427357601002e-15,129.65562130986658,2.842170943040401e-14,2
10X285_2:TTTAGTCGTGCATTAC,Aut_Neu_1,3,10.0,9-11,26.927385403226673,2,1.386470593766535,123.8629828610904,1.3864705937665367,2
10X285_2:TTTGGTTCAGCTCATA,SCP_5,8,10.0,9-11,50.4676738379315,1,7.105427357601002e-15,46.46792361993212,2.1316282072803006e-14,0
10X289_1:AAAGGATCACAAAGCG,Aut_Neu_2,13,6.0,5-6,14.712427911330922,1,5.329070518200751e-15,82.22316954653257,1.4210854715202004e-14,2
10X289_1:AAGCGAGAGAAGTCTA,SCP_1,4,6.0,5-6,69.1670044843952,1,0.7466775366820562,27.768592973468422,0.7466775366820491,0
10X289_1:ACCTGTCAGCCATATC,Aut_Neu_1,3,6.0,5-6,21.580403062196797,2,1.8844236733907713,118.5160005200602,1.88442367339077,2
10X289_1:ACTTAGGTCTCGCAGG,SCP_1,4,6.0,5-6,62.557861712870256,1,1.8937335678331628,34.37773574499327,1.8937335678331555,0
10X289_1:AGAGCAGTCTTGATTC,SCP_1,4,6.0,5-6,69.78109221860076,1,1.1191907570631254,27.154505239262953,1.119190757063129,0
10X289_1:AGAGCCCGTCTCCCTA,SCP_4,11,6.0,5-6,18.069270530585783,1,0.7353198693998609,78.86632692727797,0.7353198693998576,2
10X289_1:AGTCTCCCACTGTTCC,SCP_1,4,6.0,5-6,18.54671392023922,1,1.1019140957983113,78.3888835376245,1.101914095798315,2
10X289_1:CCCTTAGGTTGCCGCA,SCP_1,4,6.0,5-6,69.85595567758321,1,1.1381466982208481,27.079641780280507,1.1381466982208395,0
10X289_1:CGCATAAAGTCACTAC,Bridge_state,17,6.0,5-6,75.40937508345307,1,1.9353581351093367,21.526222374410576,1.9353581351093367,0
10X289_1:CTTCCGACATCTAGAC,SCP_4,11,6.0,5-6,79.25115786470757,1,1.4044437059913382,17.684439593156004,1.4044437059913382,0
10X289_1:GCACTAACACAGCTTA,SCP_1,4,6.0,5-6,33.538885327394865,1,7.105427357601002e-15,63.39671213046861,7.105427357601002e-15,0
10X289_1:GCTGAATGTAAGTAGT,SCP_1,4,6.0,5-6,68.87935362101517,1,0.5512515655142654,28.05624383684853,0.5512515655142621,0
10X289_1:GTGACGCCAGGCCTGT,SCP_5,8,6.0,5-6,15.123369987294002,1,0.0,81.81222747056944,2.842170943040401e-14,2
10X289_1:TAACTTCCATAATGAG,SCP_4,11,6.0,5-6,15.622465310482466,1,1.7763568394002505e-15,81.31313214738113,1.4210854715202004e-14,2
10X289_1:TGACTCCAGCGGTAAC,Aut_Neu_2,13,6.0,5-6,13.732414887931702,1,0.14246287948955652,83.20318256993191,0.1424628794895582,2
10X289_1:TTCCTCTGTCATGACT,Aut_Neu_1,3,6.0,5-6,15.608398027549429,1,1.7763568394002505e-15,81.32719943031408,1.4210854715202004e-14,2
10X289_2:ACATTTCGTCTCTCAC,SCP_1,4,6.0,5-6,69.95505676111837,1,1.273393842678713,26.9805406967453,1.273393842678711,0
10X289_2:AGACCCGAGTATGACA,SCP_4,11,6.0,5-6,14.89421125464711,1,0.0,82.04138620321648,0.0,2
10X289_2:AGAGAGCTCTTGGTCC,Bridge_state,17,6.0,5-6,74.8235283864415,1,2.0818217985604273,22.112069071422148,2.0818217985604277,0
10X289_2:AGGAATAGTCAATGGG,SCP_4,11,6.0,5-6,15.885259637408803,1,0.0,81.05033782045483,1.4210854715202004e-14,2
10X289_2:CGCCAGACAGGTGTGA,SCP_1,4,6.0,5-6,69.79136838210982,1,1.0831853031588763,27.14422907575381,1.0831853031588743,0
10X289_2:CTCATGCAGCTCTATG,SCP_1,4,6.0,5-6,70.54285958487176,1,1.1376060623995203,26.392737872991844,1.1376060623995143,0
10X289_2:CTCCTCCTCTAAGGAA,SCP_1,4,6.0,5-6,62.74738675038017,1,1.8918358485792257,34.18821070748338,1.8918358485792226,0
10X289_2:CTGAGCGAGAAGTCTA,Aut_Neu_1,3,6.0,5-6,25.125866745531802,2,2.1053672447296905,122.06146420339564,2.1053672447296887,2
10X289_2:CTGGACGTCGCCCAGA,Bridge_state,17,6.0,5-6,80.14042841063534,1,1.1573054038610804,16.7951690472281,1.1573054038610842,0
10X289_2:CTTGAGAAGGCATGGT,Bridge_state,17,6.0,5-6,75.15829792759098,1,2.0203522089423336,21.777299530272682,2.020352208942333,0
10X289_2:GAGACCCCAGAACTCT,Aut_Neu_2,13,6.0,5-6,15.723888036117446,1,1.7763568394002505e-15,81.21170942174628,2.842170943040401e-14,2
10X289_2:GCTGCAGAGTGGAAAG,SCP_1,4,6.0,5-6,69.6076181615802,1,0.9079271166752971,27.327979296283374,0.9079271166752902,0
10X289_2:GTAGTACTCACAGTGT,SCP_1,4,6.0,5-6,38.11607834052189,1,1.402256936846055,58.819519117341706,1.4022569368460511,0
10X289_2:GTGTTAGTCACGATAC,SCP_1,4,6.0,5-6,37.9884148060044,1,1.293619999748616,58.947182651859194,1.2936199997486162,0
10X289_2:TATTGCTCATACCATG,Bridge_state,17,6.0,5-6,78.63293993225787,1,1.143196193142876,18.302657525605834,1.1431961931428742,0
10X289_2:TCAAGCAGTGTGTGGA,SCP_1,4,6.0,5-6,34.28349089692486,1,0.0,62.65210656093861,7.105427357601002e-15,0
10X289_2:TCCTTTCAGCGTCTCG,SCP_2,7,6.0,5-6,65.6149788662317,1,1.4210854715202004e-14,31.32061859163184,0.0,0
10X289_2:TCGGGTGTCCCTCGAT,Aut_Neu_1,3,6.0,5-6,27.760249822530554,2,0.9100565835782264,124.69584728039423,0.9100565835782264,2
10X289_2:TGTCAGACAGGGAATC,Aut_Neu_2,13,6.0,5-6,12.054379470852641,1,1.352912847360275,84.88121798701096,1.3529128473602796,2
10X299_2:AACCCAATCGGCGATC,Bridge_state,17,7.0,7-8,90.01095471551872,1,1.376645251181487,6.924642742344928,1.3766452511814817,0
10X299_2:ACACTGAAGGACAGCT,Aut_Neu_1,3,7.0,7-8,31.03050385774972,2,1.0658141036401503e-14,127.96610131561297,2.842170943040401e-14,2
10X299_2:AGAACCTTCAAGCCGC,Bridge_state,17,7.0,7-8,84.8039942565222,1,1.2272679762873702,12.131603201341385,1.2272679762873728,0
10X299_2:AGGAGGTGTCCACTTC,SCP_1,4,7.0,7-8,69.61668030861627,1,1.0135978239035743,27.31891714924735,1.0135978239035726,0
10X299_2:AGGGTTTCAATTTCCT,Bridge_state,17,7.0,7-8,84.9990228421262,1,1.2677063318774613,11.93657461573743,1.2677063318774642,0
10X299_2:ATGGGTTTCTAGAGCT,SCP_1,4,7.0,7-8,65.57073456897433,1,0.0,31.364862888889235,1.0658141036401503e-14,0
10X299_2:CAAGCTAAGCTCCACG,Aut_Neu_1,3,7.0,7-8,25.421089161916562,2,2.0036379819325587,122.35668661978012,2.0036379819325556,2
10X299_2:CACTGAAGTTGGTGTT,Aut_Neu_1,3,7.0,7-8,26.327204666929717,2,1.7498440867259786,123.2628021247935,1.7498440867259764,2
10X299_2:CATCCACAGTTGTACC,Aut_Neu_1,3,7.0,7-8,26.3232407630721,2,1.717777259165904,123.25883822093557,1.717777259165907,2
10X299_2:CATGCAAAGGTAATCA,Bridge_state,17,7.0,7-8,84.65955691853569,1,1.3253226803336224,12.276040539327822,1.3253226803336218,0
10X299_2:CATTCATCAGTTGTTG,Chrom_C,1,7.0,7-8,19.782740035340023,2,2.8709012079588927,116.7183374932035,2.87090120795889,2
10X299_2:CCCGAAGAGGTTCATC,Aut_Neu_1,3,7.0,7-8,92.92674237514964,1,2.842170943040401e-14,4.0088550827141445,8.881784197001252e-16,0
10X299_2:CCTTGTGCACCCTTAC,Aut_Neu_2,13,7.0,7-8,32.505519058483024,2,7.105427357601002e-15,129.44111651634682,0.0,2
10X299_2:CGGAGAAGTCAACATC,Aut_Neu_1,3,7.0,7-8,29.407205984609348,2,3.552713678800501e-15,126.3428034424728,2.842170943040401e-14,2
10X299_2:GACCTTCAGTGCGTCC,Chrom_C,1,7.0,7-8,18.796924827063723,2,2.8408755775911017,115.73252228492727,2.8408755775911048,2
10X299_2:GAGGCAAGTAGCGAGT,Aut_Neu_1,3,7.0,7-8,25.47204643285676,2,2.05978758560924,122.40764389072054,2.0597875856092367,2
10X299_2:GATCGTAGTGGGTCAA,Aut_Neu_1,3,7.0,7-8,19.260837866252572,2,2.897136001165238,116.19643532411607,2.897136001165236,2
10X299_2:GCTACAACAAACACGG,Chrom_C,1,7.0,7-8,27.157474800915253,2,1.391827390399611,124.09307225877889,1.3918273903995988,2
10X299_2:GCTTCACTCCACTTCG,SCP_1,4,7.0,7-8,66.20635635672353,1,1.4210854715202004e-14,30.729241101140023,3.552713678800501e-15,0
10X299_2:GGCTTTCTCACAATGC,SCP_1,4,7.0,7-8,80.28921719410305,1,1.1088709944180544,16.646380263760427,1.1088709944180597,0
10X299_2:GGGACAATCATCGACA,Aut_Neu_1,3,7.0,7-8,31.542810143154835,2,1.0658141036401503e-14,128.4784076010183,2.842170943040401e-14,2
10X299_2:GGGAGATGTCACTGAT,Aut_Neu_1,3,7.0,7-8,93.97345725060774,1,1.4210854715202004e-14,2.9621402072557492,4.440892098500626e-16,0
10X299_2:GGTGTTATCTTCACAT,Aut_Neu_2,13,7.0,7-8,32.36082341967812,2,7.105427357601002e-15,129.29642087754152,5.684341886080802e-14,2
10X299_2:GTCTTTACATCATCTT,Aut_Neu_1,3,7.0,7-8,94.35126740777929,1,1.4210854715202004e-14,2.5843300500841395,4.440892098500626e-16,0
10X299_2:TACACCCGTGTGGTCC,Aut_Neu_1,3,7.0,7-8,89.90899165614634,1,1.470752893639161,7.026605801717355,1.47075289363916,0
10X299_2:TACAGGTTCACTTCTA,Chrom_C,1,7.0,7-8,90.48910506762908,1,1.2411652273886868,6.446492390234576,1.2411652273886926,0
10X299_2:TACCTGCCATGTGCTA,Aut_Neu_2,13,7.0,7-8,32.426961433046046,2,7.105427357601002e-15,129.36255889090953,2.842170943040401e-14,2
10X299_2:TCACTCGTCACTGATG,Aut_Neu_1,3,7.0,7-8,26.87722343704602,2,1.4646448967039711,123.81282089490975,1.4646448967039731,2
10X299_2:TCATACTCAGCTCATA,SCP_1,4,7.0,7-8,67.57552505577956,1,1.4210854715202004e-14,29.360072402083926,0.0,0
10X299_2:TCATCCGCAGAGGACT,SCP_1,4,7.0,7-8,63.42967688541586,1,1.7199853992055258,33.50592057244774,1.7199853992055227,0
10X299_2:TCCTTCTAGGGATGTC,Aut_Neu_1,3,7.0,7-8,31.37176737562382,2,1.0658141036401503e-14,128.3073648334872,0.0,2
10X299_2:TCTCACGAGTCGAGGT,Aut_Neu_1,3,7.0,7-8,26.09672448424759,2,1.5401559745242517,123.03232194211125,1.5401559745242435,2
10X299_2:TGAGCATAGCCAGTAG,Aut_Neu_1,3,7.0,7-8,33.3112999821651,2,7.105427357601002e-15,130.24689744002887,2.842170943040401e-14,2
10X299_2:TGAGGAGCAGGATGAC,Aut_Neu_2,13,7.0,7-8,32.4173840299783,2,7.105427357601002e-15,129.35298148784202,2.842170943040401e-14,2
10X299_2:TGATGGTGTAGTCCTA,Aut_Neu_1,3,7.0,7-8,26.29892486257331,2,1.8108758396078695,123.23452232043695,1.8108758396078677,2
10X299_2:TGTTTGTTCAATGTCG,Aut_Neu_1,3,7.0,7-8,32.88907431447614,2,0.0,129.8246717723396,2.842170943040401e-14,2
10X299_2:TTACAGGTCTGCGTCT,SCP_1,4,7.0,7-8,66.01199820085661,1,1.4210854715202004e-14,30.923599257007016,3.552713678800501e-15,0
10X299_2:TTCAATCAGAAAGTCT,SCP_1,4,7.0,7-8,62.74738675038017,1,1.891835848579226,34.18821070748337,1.8918358485792226,0
10X299_2:TTGGGCGGTCTGGTTA,Bridge_state,17,7.0,7-8,89.5185485868026,1,1.39236557871571,7.4170488710611275,1.3923655787157092,0
10X300_1:AACAGGGAGTACAGCG,Chrom_C,1,7.0,7-8,27.124276054576093,2,1.2929772734184681,124.05987351243972,1.2929772734184681,2
10X300_1:ACCAAACAGTTCATCG,Aut_Neu_1,3,7.0,7-8,32.64926396122305,2,7.105427357601002e-15,129.5848614190868,0.0,2
10X300_1:ACGGTCGGTCATCACA,Aut_Neu_2,13,7.0,7-8,66.86734586821485,1,1.4210854715202004e-14,30.06825158964888,7.105427357601002e-15,0
10X300_1:AGCCACGGTCAAGCGA,SCP_1,4,7.0,7-8,34.62474111823816,1,7.105427357601002e-15,62.310856339625396,7.105427357601002e-15,0
10X300_1:AGGAAATCAAGTAGTA,SCP_1,4,7.0,7-8,66.18698987161225,1,1.4210854715202004e-14,30.748607586251307,0.0,0
10X300_1:AGGGCTCGTGCGTTTA,Aut_Neu_1,3,7.0,7-8,33.443097533883254,1,7.105427357601002e-15,63.49249992398024,1.4210854715202004e-14,0
10X300_1:CATCAAGGTACCGTGC,SCP_2,7,7.0,7-8,37.460255383856605,1,1.1657667235978468,59.47534207400706,1.1657667235978502,0
10X300_1:CGTAGTATCCATCACC,SCP_1,4,7.0,7-8,68.97656878350233,1,0.6677810533451105,27.9590286743613,0.667781053345109,0
10X300_1:CTCAATTGTTAGAGTA,SCP_1,4,7.0,7-8,37.275044274188424,1,0.9881402955073348,59.66055318367521,0.988140295507335,0
10X300_1:CTCCAACGTATCCTTT,SCP_2,7,7.0,7-8,58.29880896827033,1,0.802104157201981,38.63678848959329,0.8021041572019739,0
10X300_1:CTGCCATCAAGGCGTA,SCP_3,12,7.0,7-8,70.01694903948959,1,1.1731275836069295,26.91864841837397,1.1731275836069244,0
10X300_1:CTGTATTCAAATCGTC,Aut_Neu_2,13,7.0,7-8,32.69398993064498,2,7.105427357601002e-15,129.6295873885084,5.684341886080802e-14,2
10X300_1:GCACATAAGGTTAGTA,Chrom_C,1,7.0,7-8,19.14485960645536,2,2.8901633412336643,116.08045706431885,2.890163341233662,2
10X300_1:GGAAGTGCACTGTGTA,Bridge_state,17,7.0,7-8,30.028350929129218,1,1.2898149477474714,66.90724652873422,1.289814947747473,2
10X300_1:GGGCCATCAAAGGGCT,SCP_1,4,7.0,7-8,34.69898417045774,1,0.0,62.23661328740581,2.1316282072803006e-14,0
10X300_1:GGGTTTACACTGGCCA,Aut_Neu_1,3,7.0,7-8,8.189937399426507,1,1.3712406720880863,88.74566005843714,1.371240672088088,2
10X300_1:TCACATTTCAGCGGAA,SCP_1,4,7.0,7-8,69.3223609966078,1,0.8887296734675233,27.613236461255923,0.8887296734675233,0
10X300_1:TCGACGGGTAACACCT,SCP_1,4,7.0,7-8,69.7207160361481,1,1.132146500508669,27.214881421715475,1.1321465005086726,0
10X300_1:TCTGTCGGTGACCGAA,SCP_1,4,7.0,7-8,34.51889020262249,1,1.4210854715202004e-14,62.416707255241135,2.1316282072803006e-14,0
10X300_1:TGCAGGCCAGTGAGCA,Bridge_state,17,7.0,7-8,30.40633155598723,1,1.0286878492229503,66.52926590187627,1.0286878492229572,0
10X300_1:TGCGGGTAGTCTTCCC,Bridge_state,17,7.0,7-8,80.60237918756566,1,0.8666030524310849,16.33321827029785,0.866603052431089,0
10X300_1:TGTTGAGGTGAGCAGT,Chrom_C,1,7.0,7-8,14.187935737973781,2,5.329070518200751e-15,111.12353319583764,2.842170943040401e-14,2
10X300_1:TTGAGTGGTTACCTGA,SCP_1,4,7.0,7-8,67.26119721306831,1,0.0,29.67440024479508,7.105427357601002e-15,0
10X300_1:TTTGATCGTCTGTGCG,SCP_1,4,7.0,7-8,66.29888761481989,1,0.0,30.636709843043835,3.552713678800501e-15,0
10X303_1:CGAGGAATCTCCTGTG,Aut_Neu_1,3,5.5,5-6,28.30681678796873,2,0.12776139039733048,125.24241424583249,0.12776139039733048,2
10X303_1:GACCGTGTCCATTTAC,SCP_3,12,5.5,5-6,66.79382851976767,1,2.842170943040401e-14,30.14176893809599,7.105427357601002e-15,0
10X303_1:GGAGAACGTCAAAGAT,Bridge_state,17,5.5,5-6,74.36322026736096,1,2.0771903761415027,22.57237719050266,2.0771903761415027,0
10X303_1:TGAATGCAGCTACTAC,Aut_Neu_1,3,5.5,5-6,18.912903086860936,2,2.8621028384849936,115.84850054472442,2.8621028384849936,2
10X303_2:ATGTCTTTCTGGACCG,SCP_1,4,5.5,5-6,69.62173416132129,1,0.9582403112875078,27.31386329654239,0.9582403112874971,0
10X303_2:GAATAGATCCGAGATT,Aut_Neu_1,3,5.5,5-6,13.529328402652629,2,5.329070518200751e-15,110.46492586051627,1.4210854715202004e-14,2
10X303_2:TAGGTTGCAGGTTCCG,Aut_Neu_2,13,5.5,5-6,29.44214771517284,2,1.4210854715202004e-14,126.37774517303656,1.4210854715202004e-14,2
10X303_2:TTTGGTTTCTCCCAAC,Bridge_state,17,5.5,5-6,80.08135912862767,1,1.1027006581481495,16.854238329235926,1.1027006581481502,0
