feature,p_val,A,fdr,signi
DLGAP2,3.325595764137654e-192,3.2469199179195853,1.6627978820688268e-188,True
GNAO1,1.7071147281153544e-208,3.2066691163440133,8.535573640576771e-205,True
CACNA2D3,4.5005757969597814e-207,3.1800784856358715,2.2502878984798908e-203,True
CUX2,3.4886338413871403e-220,3.1470437440975023,1.74431692069357e-216,True
RBFOX1,1.6158239756769548e-200,3.1319618877407374,8.079119878384774e-197,True
CACNA1B,1.4083924908371739e-170,3.123790249405369,7.041962454185869e-167,True
PLPPR3,6.233042651565353e-154,3.108796011978661,3.116521325782677e-150,True
INA,1.203405022571705e-199,3.10317534372831,6.017025112858526e-196,True
SCN3A,2.469281102048378e-138,3.0722199807485846,1.234640551024189e-134,True
CNTN5,1.4514910629120675e-177,3.058929239024076,7.257455314560338e-174,True
KCTD16,7.36274627493466e-177,2.9877386761167672,3.68137313746733e-173,True
DOCK3,1.807446123961406e-145,2.9853181111995917,9.03723061980703e-142,True
EEF1A2,2.66059858583823e-131,2.972720340038869,1.330299292919115e-127,True
TENM2,2.1518760195835854e-168,2.969062666447165,1.0759380097917928e-164,True
SCN3B,1.3916075866791934e-169,2.9668196098364796,6.958037933395967e-166,True
RIMBP2,2.298865657274811e-172,2.9610416315463666,1.1494328286374056e-168,True
CELF4,9.967894485204193e-173,2.958759862858681,4.9839472426020963e-169,True
FMN1,7.692825029556866e-134,2.9378577894362197,3.846412514778433e-130,True
SYT1,1.2832951046505963e-279,2.9271589930355097,6.4164755232529816e-276,True
ISL1,6.2940898519250366e-201,2.9122258395037495,3.147044925962518e-197,True
ELAVL2,3.3474129797720264e-172,2.9100187575689183,1.6737064898860132e-168,True
NMNAT2,9.816478176777543e-123,2.9021404691422794,4.9082390883887715e-119,True
MAPT,8.233826372239529e-151,2.894731848193277,4.1169131861197645e-147,True
GRIA1,9.818695796954023e-109,2.8946509342704974,4.9093478984770116e-105,True
PRUNE2,1.779653133895077e-138,2.8917809878726413,8.898265669475385e-135,True
SHANK2,5.381410876853215e-135,2.887701988815072,2.6907054384266077e-131,True
EML5,2.651572841232718e-237,2.879877476375549,1.3257864206163589e-233,True
FGF14,5.710093721225504e-177,2.8781582597620696,2.855046860612752e-173,True
PLXNA2,6.765698506545296e-114,2.871009319389948,3.382849253272648e-110,True
MAP7,2.0514123323256478e-147,2.867475324291526,1.025706166162824e-143,True
AC023282.1,5.0453712730819426e-113,2.8671451714810687,2.5226856365409715e-109,True
CADPS,6.962590981880536e-196,2.8419297159795764,3.4812954909402682e-192,True
NECAB2,2.51458023423905e-107,2.8367578417860466,1.257290117119525e-103,True
CAMK4,8.760607449183017e-193,2.8360883958880025,4.380303724591509e-189,True
SNAP91,1.1730496486151541e-140,2.819851660633208,5.865248243075771e-137,True
PRPH,4.5756437670678335e-146,2.8137644487928446,2.2878218835339166e-142,True
DSCAM,3.937037234430575e-118,2.794777799019867,1.9685186172152876e-114,True
MYT1L,8.135933655340377e-137,2.7941251986307036,4.0679668276701884e-133,True
RTN1,1.877503971134913e-141,2.7871468558230332,9.387519855674564e-138,True
GARNL3,2.0886416293477158e-136,2.781961105425991,1.0443208146738578e-132,True
STMN2,6.536534275977964e-236,2.7765286196174968,3.268267137988982e-232,True
ELAVL4,4.919267800997207e-235,2.7741098791284355,2.4596339004986035e-231,True
CTNNA2,1.3396321032284437e-173,2.7736439113254594,6.698160516142218e-170,True
NSG1,1.3821962200419146e-152,2.7662344357878967,6.910981100209573e-149,True
GRK3,1.675616813148799e-144,2.765527337036542,8.378084065743995e-141,True
AL445623.2,9.48029104365709e-106,2.762112195630227,4.740145521828544e-102,True
EYA4,5.8220921383410406e-120,2.7600794095610937,2.91104606917052e-116,True
GATA3,4.5198433516159053e-169,2.757078829851962,2.2599216758079528e-165,True
KIF21A,4.635857726038588e-140,2.756855454269016,2.317928863019294e-136,True
MARCHF11,1.0657354338460216e-102,2.7399452676546794,5.328677169230108e-99,True
RAB3C,3.3509282920361396e-168,2.7308800365563624,1.6754641460180697e-164,True
SLIT3,2.6458916895837363e-161,2.730374635811043,1.3229458447918682e-157,True
DPP6,4.459122099178906e-134,2.7287559964923283,2.2295610495894528e-130,True
MAST1,3.192576744721993e-121,2.727256746451175,1.5962883723609964e-117,True
ATRNL1,1.1494388829718661e-125,2.7176468956226847,5.747194414859331e-122,True
DCX,4.869545378126262e-152,2.716106250508161,2.434772689063131e-148,True
SYN2,2.345745587143532e-108,2.706017542170914,1.1728727935717659e-104,True
FRY,3.549927595392703e-91,2.7002569219067936,1.7749637976963517e-87,True
PLPP4,1.4754509261291643e-146,2.6998008781156346,7.377254630645822e-143,True
AC092691.1,1.6729690965568e-114,2.6970296440007187,8.364845482784001e-111,True
CAMK2N1,1.3821176449789792e-75,2.693481017957293,6.910588224894896e-72,True
SV2C,3.756455571355824e-99,2.6732809207607673,1.878227785677912e-95,True
FAM163A,3.871601952823935e-143,2.6691677879867095,1.9358009764119675e-139,True
PAK3,2.6390032855470835e-134,2.663896478866107,1.3195016427735418e-130,True
ELAVL3,1.4238150901966324e-147,2.647956627459936,7.119075450983162e-144,True
AC073050.1,1.9224424741648357e-86,2.645996185556618,9.612212370824178e-83,True
GAP43,5.2740770758615754e-176,2.6423222785537916,2.6370385379307874e-172,True
STMN4,6.268229953239042e-183,2.6357514881712105,3.134114976619521e-179,True
ARHGDIG,4.405395238561607e-109,2.632198434811274,2.2026976192808033e-105,True
CHRNA7,5.39411283908235e-121,2.631427249846943,2.697056419541175e-117,True
PPM1E,3.03654455538303e-130,2.629966939742145,1.518272277691515e-126,True
SST,5.942164310312904e-138,2.622246836811372,2.9710821551564517e-134,True
CHST8,1.530644227969873e-115,2.6177981597841358,7.653221139849365e-112,True
SLC44A5,1.1816539396657914e-79,2.608775056879085,5.908269698328957e-76,True
SNAP25,1.8530152018008965e-163,2.605236381092785,9.265076009004483e-160,True
SRRM4,1.095780811545982e-144,2.6001510424785,5.47890405772991e-141,True
NSG2,5.50745357462401e-119,2.5931216490251248,2.753726787312005e-115,True
SOGA3,1.9381091276939457e-87,2.5812427481374964,9.690545638469728e-84,True
GREB1L,2.14330735361294e-134,2.570008572852953,1.07165367680647e-130,True
NXPH1,1.0608614363380493e-92,2.564157247964631,5.304307181690247e-89,True
AC124254.2,3.4930024575444363e-65,2.562809677934207,1.7465012287722182e-61,True
SLC10A4,1.5396667434953928e-127,2.562309950863554,7.698333717476964e-124,True
MAP1B,2.7820659832991126e-111,2.5583124617826627,1.3910329916495563e-107,True
BASP1,5.313401173184662e-79,2.5565370340352214,2.656700586592331e-75,True
ABCB1,2.3998444565709156e-115,2.555980561648973,1.1999222282854578e-111,True
CASZ1,3.137154986667631e-100,2.5528384465569918,1.5685774933338156e-96,True
SLC8A1,9.364801542747282e-135,2.550687134826464,4.682400771373641e-131,True
RUNDC3B,9.703699254488616e-98,2.539189345824175,4.851849627244308e-94,True
NRG1,7.321171468651947e-134,2.533769796024051,3.660585734325974e-130,True
ARL4C,7.83158947701254e-83,2.522285486570597,3.91579473850627e-79,True
MYL7,1.1691816675784745e-113,2.521672998292053,5.845908337892373e-110,True
PLPPR4,2.6375663029456903e-83,2.521295575513259,1.3187831514728451e-79,True
LINC02691,9.291740959244478e-71,2.5200101432923496,4.645870479622239e-67,True
MYRIP,2.3960443811072863e-83,2.50980244547965,1.1980221905536432e-79,True
KLHL5,2.4129529952646197e-57,2.5082680877525485,1.2064764976323099e-53,True
MAP6,1.225951871807216e-94,2.504585619416567,6.12975935903608e-91,True
ATCAY,1.6444346021061794e-124,2.5032931711935826,8.222173010530896e-121,True
ARFGEF3,3.1085090050997836e-117,2.4993744812675107,1.554254502549892e-113,True
ARHGEF28,1.2142104055883054e-119,2.493033510436576,6.071052027941526e-116,True
TUBB2A,3.0157269344045686e-119,2.4889394007865397,1.5078634672022842e-115,True
NOL4,7.983283932399572e-103,2.4880809357091946,3.9916419661997855e-99,True
TENM4,3.616151099115301e-73,2.4875438355300017,1.8080755495576507e-69,True
ASTN2,9.049256659708313e-92,2.4844306154600675,4.5246283298541563e-88,True
ATP1A3,2.1935191514408625e-125,2.4838772404855067,1.0967595757204313e-121,True
OLFM1,9.695368850000547e-99,2.483402272620892,4.847684425000274e-95,True
MAGI2,4.252780501132039e-53,2.4828348179966913,2.1263902505660195e-49,True
NCS1,2.1624984370147894e-66,2.482821568366772,1.0812492185073947e-62,True
UCHL1,7.26098456723085e-137,2.480112783983442,3.630492283615425e-133,True
PLXNA4,3.4439938570502004e-72,2.474436109127579,1.7219969285251002e-68,True
NEFL,2.1926446145440607e-108,2.4637884992475523,1.0963223072720304e-104,True
GALR1,6.12017922783948e-91,2.4623637772287226,3.0600896139197402e-87,True
SCN2A,7.465828621215428e-77,2.4597363917702237,3.732914310607714e-73,True
CRMP1,2.1488480345298526e-121,2.4587894159625985,1.0744240172649264e-117,True
MTUS1,1.4411121617085521e-81,2.4577175515100405,7.205560808542761e-78,True
S100B,4.97666051912751e-230,2.4563784340651442,2.488330259563755e-226,True
NTRK3,2.1213312547540563e-47,2.455929067463596,1.0606656273770282e-43,True
XKR4,4.868295737448627e-214,2.4532252618416113,2.4341478687243133e-210,True
GABRB3,2.5589792510068995e-88,2.4492846776716477,1.2794896255034498e-84,True
MARCHF4,1.034225185782305e-83,2.445970918322442,5.171125928911524e-80,True
SRGAP3,2.0073993859247737e-56,2.444799183483978,1.0036996929623868e-52,True
DCLK1,1.2400241215254759e-133,2.443719752842447,6.200120607627379e-130,True
LINGO2,7.470470226597774e-84,2.443020112723412,3.735235113298887e-80,True
KIF26B,4.994317687978934e-89,2.435301117938429,2.497158843989467e-85,True
TUBB3,3.194245276850605e-137,2.430657839358224,1.5971226384253025e-133,True
CHRM2,4.73872163773973e-80,2.417582181752435,2.369360818869865e-76,True
PPFIA2,2.9863961884304107e-84,2.4162296441152296,1.4931980942152054e-80,True
AFF2,5.293981118898477e-63,2.416059975269568,2.6469905594492385e-59,True
SLC35F1,2.0697390928614245e-195,2.4150720750688484,1.0348695464307123e-191,True
SYN3,3.4685952961560017e-62,2.411875214264232,1.734297648078001e-58,True
TMEM59L,2.9845719269558753e-86,2.409963225681417,1.4922859634779376e-82,True
KIF5C,2.358282063778331e-67,2.4098926348655985,1.1791410318891654e-63,True
EPB41L1,5.745757166126935e-81,2.4095238372110375,2.8728785830634676e-77,True
SEZ6L,4.830624237535652e-123,2.4025310583930066,2.415312118767826e-119,True
DAPK1,7.289611418230171e-72,2.399315087113699,3.6448057091150855e-68,True
MAPK10,1.9194868553322412e-94,2.397421052141472,9.597434276661206e-91,True
COL5A2,6.2405627956667595e-217,2.3928591261353427,3.1202813978333795e-213,True
GUCY1A1,1.615319165620588e-94,2.387093239520566,8.07659582810294e-91,True
TUBB4A,3.0645960142739414e-72,2.3868093207336627,1.5322980071369707e-68,True
RIMS1,6.721757050399859e-82,2.3866411355064554,3.3608785251999295e-78,True
CPE,2.8516284633748137e-106,2.3847894182244924,1.425814231687407e-102,True
AC008415.1,7.312279584601089e-107,2.383140751732337,3.6561397923005447e-103,True
GABRG2,3.6926235390369203e-78,2.3806772262915015,1.84631176951846e-74,True
PLP1,1.6406840212635662e-210,2.379487056149712,8.20342010631783e-207,True
CALY,3.7628519908995507e-75,2.379440426822692,1.8814259954497754e-71,True
HRH1,3.3524681931519385e-84,2.3793099140304927,1.6762340965759693e-80,True
IL1RAPL1,9.382910254040129e-176,2.378703410842085,4.691455127020064e-172,True
NEFM,7.054091444802234e-93,2.3706227046093167,3.527045722401117e-89,True
SRRM3,3.545791508994188e-108,2.367612233836534,1.772895754497094e-104,True
SLC4A8,2.3114371358654873e-114,2.3674364694763543,1.1557185679327437e-110,True
GNG4,4.457540101151911e-109,2.367410183838586,2.2287700505759554e-105,True
AGBL4,9.926462439662616e-128,2.3570753456796907,4.963231219831308e-124,True
ANO6,1.5362115557011055e-60,2.356092322485061,7.681057778505527e-57,True
CNKSR2,2.2864781946644453e-65,2.3555020768887522,1.1432390973322226e-61,True
CNTN1,3.9236746437944604e-109,2.3542919888479314,1.9618373218972302e-105,True
DPYSL5,2.0064912625747023e-83,2.3539097162735034,1.0032456312873511e-79,True
SGSM1,4.000814526562679e-93,2.35352584696619,2.0004072632813394e-89,True
MPZ,2.15255825497252e-200,2.353416978106159,1.07627912748626e-196,True
SULT4A1,2.676383998304517e-85,2.347987767356779,1.3381919991522584e-81,True
TNNT2,1.4636214228638482e-92,2.3432206625342307,7.318107114319241e-89,True
KRT19,8.992177372772721e-80,2.3403602642324204,4.496088686386361e-76,True
GRID1,5.4489966389024664e-77,2.3399950136899554,2.724498319451233e-73,True
NRXN1,1.765043612929116e-164,2.3373035449583397,8.825218064645579e-161,True
PHOX2A,3.120504648987795e-122,2.335309086134268,1.5602523244938976e-118,True
COL4A2,5.046610628807505e-187,2.3315425349639667,2.523305314403753e-183,True
ADGRL2,1.126348080103463e-40,2.32939985514048,5.631740400517315e-37,True
PRKAR2B,9.401806161149607e-74,2.3245093529461416,4.700903080574803e-70,True
TNNC1,1.473935071765103e-99,2.3220185150896513,7.3696753588255145e-96,True
STARD13,1.6957155859245928e-207,2.319779353106343,8.478577929622964e-204,True
PCLO,1.5365543000619024e-97,2.3178276147681465,7.682771500309512e-94,True
TTC9B,7.369669342274884e-105,2.3096649736414907,3.684834671137442e-101,True
ENO2,1.0488960094176649e-105,2.30850572435682,5.2444800470883246e-102,True
SETBP1,6.872904322358546e-75,2.3076437908162553,3.436452161179273e-71,True
AC109466.1,3.3891161202616456e-116,2.3064607479973773,1.6945580601308227e-112,True
SCG2,6.137604260052992e-114,2.305962238503983,3.068802130026496e-110,True
RIMS2,2.3705799415349274e-81,2.305590296984257,1.1852899707674638e-77,True
CNTFR,2.2249377813786315e-111,2.3005273284292,1.1124688906893158e-107,True
AC010478.1,2.853741687990613e-77,2.3003904026593744,1.4268708439953067e-73,True
CDH19,1.2728418486161539e-200,2.298028548582847,6.36420924308077e-197,True
NEDD4L,7.880096223310875e-62,2.297250332672293,3.940048111655438e-58,True
PCSK1N,1.4001523833926009e-196,2.293058370670261,7.000761916963004e-193,True
XKR6,5.7314141244532694e-61,2.2895739505918473,2.8657070622266345e-57,True
ALCAM,1.1496924554309306e-46,2.288090953853681,5.748462277154653e-43,True
CHRM3,2.2013643935380868e-51,2.2846351313123305,1.1006821967690433e-47,True
TUBB2B,3.844618763671072e-105,2.2834800070231425,1.922309381835536e-101,True
SLC38A1,9.55186170145811e-82,2.282172489433233,4.775930850729055e-78,True
ATP8A1,1.373560215774025e-72,2.2820229133490155,6.867801078870125e-69,True
CPNE8,5.390129859702555e-56,2.2815405038101084,2.6950649298512774e-52,True
TBX20,5.9365187186679085e-106,2.281010760377584,2.9682593593339543e-102,True
CD24,2.4647808277986603e-196,2.2750502895512525,1.2323904138993302e-192,True
KCNK12,8.542608673011147e-72,2.274618612824117,4.2713043365055735e-68,True
ELMO1,1.840887394491116e-73,2.271804776626237,9.20443697245558e-70,True
CHRNA3,4.412073152075067e-151,2.2713290806544073,2.2060365760375337e-147,True
METRN,1.8904459869077217e-180,2.2629660749824803,9.452229934538608e-177,True
PTPRZ1,1.3896957788421595e-163,2.261527498139587,6.948478894210798e-160,True
APLP1,1.8728226019264202e-93,2.258840653519576,9.364113009632102e-90,True
TMOD1,1.1510218540482938e-99,2.2581379766158522,5.7551092702414695e-96,True
UNC5C,2.9037264807220365e-98,2.2578935786685452,1.4518632403610183e-94,True
CRACD,1.8445761722511342e-56,2.249970850482283,9.222880861255671e-53,True
TSPAN7,1.1841303250426934e-76,2.2407606383492515,5.920651625213467e-73,True
PTPRR,4.213240838779875e-83,2.2402138522444544,2.1066204193899377e-79,True
BRINP1,6.169264808075973e-69,2.238390369579434,3.0846324040379867e-65,True
UNC79,1.2784252800826811e-76,2.2364057077328936,6.392126400413405e-73,True
UTRN,5.118993519490732e-189,2.236102385056114,2.559496759745366e-185,True
FAM155A,4.395410717453283e-108,2.233778295603021,2.1977053587266413e-104,True
SYP,1.5058658909254477e-74,2.22514955518764,7.529329454627238e-71,True
CA10,9.959497315310493e-56,2.2241170425536634,4.979748657655247e-52,True
JPH4,1.8413632891222516e-85,2.2240190882651314,9.206816445611258e-82,True
LRRTM4,1.0367215116448524e-160,2.223553240939512,5.183607558224262e-157,True
PIRT,1.5250393476549354e-70,2.2182771537681663,7.625196738274677e-67,True
PGM2L1,9.65225093957034e-59,2.217682441997552,4.82612546978517e-55,True
DLG2,5.668700748123595e-83,2.2164665151310214,2.834350374061797e-79,True
ADAM22,9.310657090282664e-70,2.215286405240003,4.6553285451413317e-66,True
MYL3,3.0949837323898074e-82,2.2146996054434407,1.5474918661949038e-78,True
SLC5A7,3.718543350517274e-43,2.208241688134265,1.8592716752586372e-39,True
CHN2,5.145755911332571e-63,2.2072684243618177,2.5728779556662856e-59,True
TENM3,3.1477165807359293e-172,2.206891510785061,1.5738582903679647e-168,True
COL4A1,2.0165297514769103e-173,2.20573573543478,1.0082648757384551e-169,True
RGS7,5.842641496459891e-85,2.203305820423081,2.9213207482299453e-81,True
NUP93,4.559451940056097e-55,2.201408717995434,2.2797259700280483e-51,True
MAPK8IP2,1.6055200797863506e-63,2.1963210327861757,8.027600398931753e-60,True
SYT14,5.042928545534838e-82,2.1928128143182493,2.521464272767419e-78,True
OLFML2A,8.826774396925734e-153,2.1914517823199,4.4133871984628664e-149,True
REEP1,1.6194240915656217e-74,2.1853081893788207,8.097120457828108e-71,True
SOX5,2.4393868132573425e-152,2.1825535986908298,1.2196934066286713e-148,True
TAGLN3,1.4599410684006045e-126,2.1821636032257357,7.299705342003023e-123,True
DPYSL2,2.7983655734850703e-81,2.18055964135087,1.3991827867425351e-77,True
NRSN1,5.365906641083835e-83,2.17700335392253,2.6829533205419174e-79,True
MYL2,4.467204067460098e-77,2.176693771539692,2.2336020337300493e-73,True
LAMA4,1.918510151776277e-166,2.176112028119027,9.592550758881386e-163,True
PLPPR5,3.885573675262605e-88,2.1743525889347826,1.9427868376313025e-84,True
PLEKHA6,2.3870575993040733e-88,2.172440031802733,1.1935287996520367e-84,True
ATXN1,1.711134700557604e-47,2.169838436572379,8.55567350278802e-44,True
APBA1,3.8564247527793606e-39,2.1650898452997906,1.9282123763896802e-35,True
ARPC1B,9.350806680793573e-145,2.164369478448307,4.6754033403967864e-141,True
SCG3,2.4535679055643488e-88,2.159923408517723,1.2267839527821743e-84,True
DNM3,2.56075535490136e-48,2.157822868031873,1.28037767745068e-44,True
SYNPO2,9.783157355737607e-54,2.1564292146399002,4.891578677868804e-50,True
SPARC,6.48044017049249e-170,2.1548910091697833,3.240220085246245e-166,True
TGFBR2,1.06384536574978e-144,2.1548792315969862,5.3192268287489e-141,True
PCBP3,2.2567320599758586e-73,2.152994030896573,1.1283660299879294e-69,True
GRM8,2.053847687822124e-69,2.147530370717135,1.026923843911062e-65,True
ADD2,1.175767653483307e-64,2.1462462399686144,5.878838267416535e-61,True
PTPRN2,4.569822887179234e-64,2.1450453676268086,2.2849114435896172e-60,True
NPPA,4.1276436791360364e-83,2.1447342803297955,2.0638218395680182e-79,True
LAMA2,8.563953011864951e-159,2.14391939315321,4.281976505932476e-155,True
PVT1,3.3187328071950557e-43,2.143288701842751,1.659366403597528e-39,True
GATA2,3.47931517116185e-98,2.139727445607328,1.7396575855809252e-94,True
CDH10,2.8938138709068904e-51,2.1318348864795937,1.446906935453445e-47,True
SMIM28,5.110357677447385e-74,2.1303064921381236,2.5551788387236925e-70,True
NEGR1,1.6296819105251831e-68,2.129331269167882,8.148409552625916e-65,True
COL1A2,1.9461174871740993e-167,2.123170689719041,9.730587435870497e-164,True
EGFL8,7.944946025152312e-149,2.1228510134726473,3.972473012576156e-145,True
CDKN2D,3.564054450355175e-71,2.1225560088588455,1.7820272251775874e-67,True
HEBP2,3.6559441814408634e-90,2.1205094422245545,1.8279720907204318e-86,True
MOXD1,3.447357539269138e-155,2.1185714533148166,1.723678769634569e-151,True
SYT4,6.321740007186263e-70,2.112522219942324,3.160870003593131e-66,True
DGKG,6.952566212849142e-57,2.1098148639796777,3.476283106424571e-53,True
AL139383.1,1.4773971910557857e-144,2.105688920633999,7.386985955278928e-141,True
ACTC1,4.0576898908892453e-63,2.1039061147181597,2.0288449454446227e-59,True
RGS5,1.2316511968664112e-124,2.098934746138701,6.1582559843320555e-121,True
LDLRAD4,2.1881104473243394e-74,2.0929221514003244,1.0940552236621697e-70,True
TAFA2,4.823104032925388e-57,2.0918029636313,2.411552016462694e-53,True
AC097467.3,1.5521458441840876e-54,2.0887248068105846,7.760729220920438e-51,True
WWTR1,1.2517977706597605e-152,2.087325648112015,6.258988853298803e-149,True
ICA1,7.953283760711904e-84,2.0835648983791035,3.976641880355952e-80,True
NCOA7,1.259893032666197e-61,2.0812278033215352,6.299465163330986e-58,True
RGS4,4.393692863226906e-148,2.078008429601892,2.196846431613453e-144,True
CLVS2,4.791389468448333e-55,2.0770952249634704,2.3956947342241667e-51,True
SGIP1,3.173475248962581e-49,2.0745921916415204,1.5867376244812904e-45,True
ENOX1,2.7163673640020275e-37,2.073972587618827,1.3581836820010138e-33,True
KCNN2,8.499117391071236e-61,2.0714166771285076,4.249558695535618e-57,True
FSD1,2.6688029865478698e-79,2.066066150758976,1.3344014932739348e-75,True
ANK3,1.3106257207327393e-44,2.065874014015132,6.553128603663696e-41,True
LY6H,8.301314656839423e-68,2.0649744697761307,4.150657328419711e-64,True
GDAP1L1,1.0997605602764017e-95,2.064017679766661,5.498802801382008e-92,True
PMP22,1.3474302281882777e-121,2.06354911449796,6.737151140941388e-118,True
AKR1C1,8.911090676485e-58,2.063261837473931,4.4555453382425004e-54,True
CNTNAP5,1.7608862037581682e-53,2.0620729476338147,8.804431018790841e-50,True
CAMK2B,7.262323576948353e-58,2.0619491309727707,3.631161788474177e-54,True
ENC1,9.598736596110635e-48,2.061532531157579,4.799368298055317e-44,True
SEMA3B,5.626139180577006e-141,2.0598597606217917,2.813069590288503e-137,True
CADM3,8.452841207491323e-59,2.0596645555864064,4.226420603745662e-55,True
PARD3B,5.369140323926321e-130,2.0590387416162406,2.6845701619631607e-126,True
FXYD1,2.6870825412766277e-130,2.054836243112712,1.343541270638314e-126,True
PTPRJ,3.498986810411723e-129,2.053016958579036,1.7494934052058614e-125,True
ALDH1A1,3.143172323997419e-133,2.0504472758214183,1.5715861619987097e-129,True
ARHGAP15,3.1649507288204943e-136,2.05013317290358,1.5824753644102473e-132,True
DPYD,1.3901393641648475e-88,2.0494299930864903,6.950696820824237e-85,True
MTMR7,3.947302644091117e-63,2.0492297404322715,1.9736513220455587e-59,True
SYT9,1.152204662170298e-61,2.048739947741815,5.7610233108514895e-58,True
PCDH9,6.269607744568467e-108,2.048352039652091,3.1348038722842336e-104,True
ZDHHC2,8.060282163502456e-40,2.0475788218434965,4.030141081751228e-36,True
DUSP26,6.5928339052670555e-81,2.0464314215430663,3.296416952633528e-77,True
PHYHIPL,5.0167009318505426e-70,2.045217616418705,2.5083504659252715e-66,True
GSE1,3.5054179886533575e-73,2.044167877118796,1.7527089943266787e-69,True
KLHL23,7.693623347356319e-56,2.0426239070758796,3.846811673678159e-52,True
PPP2R2B,7.06538237141974e-36,2.0416871412224555,3.53269118570987e-32,True
TLCD3B,3.6544758365236974e-87,2.0351484927453543,1.8272379182618487e-83,True
LAMB1,1.1474984622537383e-137,2.0323607135341533,5.737492311268691e-134,True
NAALADL2,1.0268370837843054e-127,2.0316855945616457,5.1341854189215274e-124,True
SOX10,4.197364127579328e-137,2.0280696907906792,2.098682063789664e-133,True
BEX2,1.4603323970716785e-79,2.0265643628351806,7.301661985358392e-76,True
STXBP1,5.13306461862058e-57,2.0257179290975045,2.56653230931029e-53,True
COL1A1,1.41322029986769e-147,2.024220498493545,7.066101499338449e-144,True
RET,8.333175166349045e-55,2.023600439162728,4.166587583174522e-51,True
FAIM2,1.3178357760571649e-75,2.019840408596622,6.589178880285825e-72,True
NR2F2-AS1,5.3193494637459493e-129,2.017101079654756,2.6596747318729747e-125,True
UNC5B,3.22732338621483e-60,2.0144193917800246,1.613661693107415e-56,True
DUSP4,6.86415610588965e-55,2.0129359950192556,3.432078052944825e-51,True
NECAB1,2.6376598459312004e-51,2.007605205063404,1.3188299229656003e-47,True
BEX1,3.704902516213496e-124,2.0044038134413182,1.852451258106748e-120,True
SCN7A,4.0017830759804336e-115,2.0029776675999065,2.0008915379902168e-111,True
LAMC1,6.609047684820563e-125,2.0024259543458807,3.3045238424102817e-121,True
MYL4,1.9185376100130046e-73,1.9986367686605522,9.592688050065023e-70,True
STMN3,4.652483322431967e-69,1.9958762920882966,2.326241661215983e-65,True
FIGN,1.13888422925669e-115,1.9924195852131619,5.69442114628345e-112,True
MEIS1,1.2697197915257922e-68,1.989489673243809,6.348598957628961e-65,True
BICDL1,1.0313041321517325e-61,1.986310727417934,5.1565206607586624e-58,True
TRPM3,3.744077257869163e-117,1.985548389809745,1.8720386289345813e-113,True
PMEPA1,1.794516427124425e-109,1.9845154793659852,8.972582135622125e-106,True
ATP6V1G2,4.604504861954005e-68,1.9840050910452174,2.3022524309770026e-64,True
HSPA1A,3.709700526169041e-95,1.9829099482177281,1.8548502630845204e-91,True
PODXL2,3.355598273372632e-79,1.980354501843143,1.677799136686316e-75,True
MLLT11,2.961584062026138e-125,1.9757944008772785,1.4807920310130688e-121,True
MIR99AHG,5.674339936272295e-117,1.9755101439020661,2.8371699681361476e-113,True
SEZ6L2,8.292666845471777e-82,1.9750294617079893,4.1463334227358886e-78,True
RAMP1,9.119136542039868e-101,1.9746166961029425,4.559568271019934e-97,True
ACTL6B,6.002527597457775e-69,1.9711638550972688,3.001263798728887e-65,True
TMEM108,1.4927547247336172e-54,1.960131069858809,7.463773623668086e-51,True
PLD5,2.996485545363127e-58,1.9590102668054996,1.4982427726815635e-54,True
DMD,1.1873945286523263e-96,1.9588361005217374,5.936972643261632e-93,True
OAF,2.2594624837684654e-115,1.9581216782734758,1.1297312418842327e-111,True
STOX2,8.874645482218452e-100,1.9548941072491557,4.437322741109226e-96,True
RAB3A,3.006589241090227e-68,1.9533850599738534,1.5032946205451135e-64,True
TNNI1,5.426241837756175e-61,1.9503927384364264,2.7131209188780876e-57,True
POSTN,2.577482654261897e-119,1.9473369048543558,1.2887413271309485e-115,True
KIAA1958,5.919350559328168e-53,1.9439231671012611,2.9596752796640842e-49,True
DOK6,1.137966518787037e-35,1.9435713098823177,5.689832593935185e-32,True
MIR137HG,1.0328890992393952e-58,1.9420475592759614,5.164445496196976e-55,True
DTNA,2.093799658692559e-39,1.9405403637382017,1.0468998293462795e-35,True
GAL,4.910852221702883e-112,1.9398055051651872,2.455426110851442e-108,True
FOXD3,1.8582472235306485e-119,1.9395915270467907,9.291236117653243e-116,True
HSPG2,8.34603186721151e-122,1.9359524927675964,4.173015933605755e-118,True
GFRA3,7.214573330996174e-106,1.933035821574291,3.607286665498087e-102,True
HSPA1B,2.102743482670652e-92,1.9261003613704075,1.0513717413353261e-88,True
RASGRF2,1.9925535164399686e-38,1.9255861521125746,9.962767582199844e-35,True
MIR325HG,4.50492334423395e-53,1.9255756125588763,2.2524616721169752e-49,True
MEF2C,4.2898054175895425e-99,1.925248466407747,2.1449027087947713e-95,True
SEPTIN6,2.629319812803135e-64,1.9236508028785204,1.3146599064015675e-60,True
NR2F2,9.763565552592606e-122,1.9228172058759112,4.881782776296304e-118,True
SNTB1,5.453988525141013e-110,1.920919697328979,2.7269942625705067e-106,True
MIR7-3HG,1.3743211102934422e-57,1.9185578299189896,6.871605551467211e-54,True
MIAT,4.873415904922168e-77,1.9183780098406922,2.4367079524610842e-73,True
MAPK4,1.3357824553426771e-41,1.9183064157474181,6.678912276713386e-38,True
CRYAB,3.226546597768074e-115,1.918064271267058,1.6132732988840369e-111,True
TSPAN11,8.642939490590745e-104,1.9170311784722454,4.3214697452953725e-100,True
ATP11A,2.38125788364369e-43,1.9156999166525068,1.1906289418218448e-39,True
SEMA3C,7.789955732514254e-117,1.9116931020197598,3.894977866257127e-113,True
MID1,3.807684035657581e-107,1.9111529368524867,1.9038420178287905e-103,True
TMEFF1,3.4009360726477966e-50,1.9107651663636798,1.7004680363238982e-46,True
NKAIN3,1.79379377111357e-100,1.91069996117471,8.968968855567851e-97,True
ABCA8,3.426486830398039e-124,1.908729063025492,1.7132434151990197e-120,True
HSPH1,2.9810408725205466e-81,1.9070528421277024,1.4905204362602733e-77,True
LONRF2,1.9502947261425226e-49,1.9063339503954042,9.751473630712614e-46,True
DGKI,7.093682857121646e-49,1.9054868359348083,3.546841428560823e-45,True
PLEKHA4,1.0555150338204176e-117,1.9046555728552805,5.277575169102088e-114,True
CCDC85A,1.9142645370840837e-46,1.9046051669212636,9.571322685420418e-43,True
LRFN2,3.482512610982357e-48,1.904482194815865,1.7412563054911784e-44,True
GNA14,3.688089631527505e-40,1.9034936735513208,1.8440448157637522e-36,True
ACHE,1.5177612859051357e-47,1.9005472704995288,7.588806429525679e-44,True
AKAP6,2.5393748546268543e-28,1.9001764325814343,1.2696874273134271e-24,True
UNC13A,3.3322761176556606e-53,1.8951120704832558,1.6661380588278303e-49,True
SHD,1.724168749432106e-90,1.8876345658853535,8.62084374716053e-87,True
KLHL13,1.886984633098048e-31,1.8865321553989154,9.43492316549024e-28,True
COL5A1,2.8139360157666826e-112,1.8860471775372325,1.4069680078833414e-108,True
LRMDA,5.473351416785016e-110,1.8846117351442198,2.736675708392508e-106,True
CXXC4,1.6948667310714282e-49,1.8834921954817891,8.474333655357141e-46,True
MAML2,1.8796117311222827e-109,1.8832511448244953,9.398058655611414e-106,True
MIA,3.0962605950128037e-102,1.8808596924308487,1.5481302975064018e-98,True
WNK2,3.457094117617648e-43,1.8788474658587833,1.728547058808824e-39,True
FMN2,4.969454340648264e-49,1.8775752875065606,2.484727170324132e-45,True
RGS9,7.920707242024176e-33,1.8759988433221253,3.960353621012088e-29,True
PDE4D,2.722047627689566e-38,1.872590590746223,1.361023813844783e-34,True
VCAN,1.2494553666634326e-104,1.8722894498802334,6.247276833317163e-101,True
ST8SIA4,9.961851818795099e-38,1.8708198684296424,4.980925909397549e-34,True
JAZF1,2.3504152002761017e-46,1.8696693014675523,1.175207600138051e-42,True
AP3B2,1.0259923661961253e-56,1.8683562632206525,5.129961830980626e-53,True
CHST15,2.7916377051821987e-46,1.8655387716333642,1.3958188525910993e-42,True
KLHL29,2.542227999932693e-92,1.8651251488967868,1.2711139999663466e-88,True
RHOJ,3.58120964097209e-112,1.8625496725037656,1.790604820486045e-108,True
GNG3,2.573289794470464e-92,1.8598186268651842,1.286644897235232e-88,True
DCN,2.8956553640976292e-27,1.8594743767105588,1.4478276820488147e-23,True
STAC,2.4569632634077608e-58,1.8576448852659966,1.2284816317038803e-54,True
DRGX,9.973534353258657e-48,1.8555253912062795,4.986767176629329e-44,True
TTL,2.7888255112086065e-53,1.8516116206082078,1.3944127556043033e-49,True
ANXA1,5.806962395800849e-105,1.8493208205966196,2.903481197900424e-101,True
TRIM36,2.0274093528967864e-49,1.8461093885344526,1.0137046764483932e-45,True
AC083837.1,7.086405751962136e-44,1.8427696171139178,3.543202875981068e-40,True
C1orf21,2.8590452026552805e-34,1.8416295637165299,1.4295226013276402e-30,True
GLCCI1,1.8732267453570956e-47,1.8400433096815676,9.36613372678548e-44,True
KIF1A,8.023837743561896e-58,1.8397805526016362,4.0119188717809477e-54,True
FDFT1,2.279652665998927e-52,1.839289231042495,1.1398263329994635e-48,True
TMEM233,9.351284592495156e-48,1.839286992209335,4.675642296247578e-44,True
ASTN1,1.0352727570908281e-45,1.8378839730993886,5.17636378545414e-42,True
PLXDC2,1.7073649800286768e-100,1.8359805359572579,8.536824900143385e-97,True
SVOP,4.2290348275685356e-46,1.8337501228884459,2.114517413784268e-42,True
CCDC88A,1.8704738588623734e-52,1.8328919735608378,9.352369294311868e-49,True
DPYSL3,2.776442156052042e-52,1.832482933113605,1.388221078026021e-48,True
ZFP36L1,3.1042904648616597e-112,1.8319882036502175,1.55214523243083e-108,True
PHOX2B,1.2333512813684999e-42,1.8316771514882237,6.1667564068425e-39,True
MATN2,7.4114290727151995e-84,1.8306673764923933,3.7057145363576e-80,True
COL14A1,4.346645990366504e-106,1.8243542771615509,2.173322995183252e-102,True
MAP2,1.6601486176404128e-30,1.8239555525071331,8.300743088202064e-27,True
CDH8,4.815203003245881e-43,1.8233132575478497,2.4076015016229402e-39,True
IGFBP2,1.7576857446256063e-103,1.822615086602523,8.788428723128032e-100,True
ADGRB3,1.3553559964464185e-81,1.8221874776152358,6.776779982232093e-78,True
ARHGAP42,5.0188840369926035e-101,1.8209690382270958,2.5094420184963017e-97,True
TLN2,5.206560647458428e-23,1.8182067056994053,2.603280323729214e-19,True
PTPRO,2.0042870070060105e-50,1.8175254102733338,1.0021435035030053e-46,True
SCN8A,2.4982393421075623e-52,1.817461178063065,1.249119671053781e-48,True
OPRM1,1.3407714342361635e-37,1.817014714961096,6.7038571711808176e-34,True
NID2,1.5670209847467188e-105,1.8156969080298881,7.835104923733593e-102,True
TANC2,8.798939930584877e-31,1.8141750007299977,4.399469965292439e-27,True
CHL1,3.059083384561318e-83,1.8131132669804264,1.529541692280659e-79,True
PCA3,3.1567032081350295e-42,1.8110425910139232,1.5783516040675147e-38,True
CKMT1B,2.8934800936157575e-53,1.810926135772822,1.4467400468078787e-49,True
HCN1,9.318070567415455e-40,1.8108738609935007,4.659035283707727e-36,True
AKR1C2,1.1654377660818984e-42,1.8062882711421893,5.827188830409492e-39,True
SH3D19,3.434073048979177e-96,1.8058547922506356,1.7170365244895884e-92,True
C3orf14,1.3769042645984757e-59,1.8026702308573355,6.8845213229923785e-56,True
COL5A3,7.812695692485951e-99,1.801482483068063,3.9063478462429754e-95,True
GLI3,7.21181227018983e-101,1.8014160525627498,3.6059061350949146e-97,True
KCNQ5,1.3775730482268945e-86,1.7999029036098477,6.887865241134473e-83,True
DCC,1.2725563666247101e-64,1.7987799954389918,6.36278183312355e-61,True
PLAT,1.6115584090637837e-90,1.7983952242036236,8.057792045318919e-87,True
GAB1,7.293131686423883e-83,1.7973040571222265,3.6465658432119415e-79,True
ALK,2.326603527810815e-56,1.7942393749407088,1.1633017639054076e-52,True
TMEM176B,2.031186112665009e-74,1.7939863555788853,1.0155930563325045e-70,True
TNS3,1.2041645596182996e-96,1.7929975518015668,6.020822798091498e-93,True
HMGA2,1.8433019413978319e-94,1.7909938337507099,9.21650970698916e-91,True
HTR3A,3.9495592906988644e-45,1.7851900968779508,1.9747796453494321e-41,True
FHOD3,5.709949525477059e-31,1.7838077744325753,2.8549747627385292e-27,True
VGLL3,3.8645883244923416e-97,1.7794038516258042,1.9322941622461707e-93,True
NRXN3,1.8170274062631037e-92,1.7736762046312742,9.085137031315518e-89,True
PRSS23,1.5873293421492285e-83,1.7726803434939233,7.936646710746142e-80,True
PLCE1,7.051406716072992e-79,1.7723959972760674,3.525703358036496e-75,True
HAND2,6.994405493428174e-71,1.7717322262049033,3.497202746714087e-67,True
PLSCR4,1.2924107989588353e-98,1.771491594824525,6.462053994794176e-95,True
ARHGAP26,8.301643136297204e-45,1.7662594640280627,4.150821568148602e-41,True
EGFLAM,5.6265440998766384e-95,1.766146462083753,2.813272049938319e-91,True
ANKS1B,5.543297599273767e-25,1.765399314430233,2.771648799636884e-21,True
EPB41L2,4.001137528522005e-89,1.7651922538242126,2.0005687642610023e-85,True
PACS1,3.4051007090814995e-33,1.7648738114896236,1.7025503545407499e-29,True
RUNX1T1,3.376271155395929e-92,1.7604273339890053,1.6881355776979643e-88,True
GRIP1,6.571952390919723e-39,1.7581043540139156,3.2859761954598615e-35,True
PRKCZ,4.528690367512732e-53,1.7526811178123327,2.264345183756366e-49,True
ASCL1,4.161664510041534e-25,1.7506328844739567,2.080832255020767e-21,True
SGPP2,1.0718793082586959e-42,1.7501799753105747,5.3593965412934796e-39,True
GRIA3,4.8362356946068005e-24,1.7501164473242161,2.4181178473034003e-20,True
NCAM2,3.5237606360366496e-78,1.748892779818337,1.7618803180183249e-74,True
SOBP,5.813245702281168e-54,1.7488579168317069,2.9066228511405844e-50,True
COL15A1,2.9711753596546847e-81,1.7469077498573526,1.4855876798273423e-77,True
USPL1,5.035019273806778e-59,1.7457507357481974,2.5175096369033892e-55,True
TMEM176A,1.067703717051815e-80,1.7455640670232229,5.338518585259075e-77,True
ITIH5,1.866088760135557e-91,1.743181209011799,9.330443800677785e-88,True
MDGA2,3.893444937909039e-71,1.7407169072807052,1.9467224689545196e-67,True
DLGAP1,4.026542474786448e-33,1.7378918970081731,2.0132712373932242e-29,True
ATP8A2,1.2729603458664553e-38,1.736798339739172,6.364801729332276e-35,True
ITGA6,3.457985360467633e-77,1.7295401756194284,1.7289926802338168e-73,True
MMD,4.083446813824218e-82,1.7295209352028862,2.0417234069121092e-78,True
HMGCS1,1.4946942909918653e-33,1.7293475158836449,7.473471454959327e-30,True
ZEB1,8.626392866088881e-35,1.7284864875000778,4.31319643304444e-31,True
CHORDC1,3.6812077515795296e-62,1.7274559802449518,1.8406038757897648e-58,True
RAI14,1.3169464017537103e-83,1.7257691770082038,6.5847320087685515e-80,True
HIVEP3,1.0449250456090254e-24,1.7246851168481652,5.224625228045127e-21,True
TPM1,6.081568485498857e-69,1.7235691270618274,3.0407842427494287e-65,True
RELN,1.943131021325965e-73,1.7234986155878342,9.715655106629825e-70,True
DLEU2,1.2479372788432848e-77,1.722754155496987,6.239686394216424e-74,True
SIPA1L2,2.645850770898622e-79,1.722443563256968,1.322925385449311e-75,True
CELF5,1.573180496917488e-50,1.7206185189815775,7.86590248458744e-47,True
ACOT7,6.116807394329324e-46,1.7205904417706988,3.058403697164662e-42,True
TLX2,1.503809199749836e-43,1.7196957200061491,7.51904599874918e-40,True
RAC3,1.6435422157454473e-52,1.7186640778842004,8.217711078727237e-49,True
SPRED1,3.029393723047805e-76,1.7164440335172595,1.5146968615239025e-72,True
ME1,2.1180742251824055e-24,1.7149460518213673,1.0590371125912028e-20,True
KIF26A,1.5956504428042643e-46,1.7148960540842078,7.97825221402132e-43,True
SMAD9,1.1785589489452132e-44,1.714625251184544,5.892794744726065e-41,True
MAL,5.4094685190639915e-87,1.7142192423922686,2.7047342595319958e-83,True
CACNA2D1,2.3300818186246646e-54,1.7131393961770498,1.1650409093123323e-50,True
SCG5,1.573224248069918e-41,1.7118820655193976,7.86612124034959e-38,True
FAM162B,3.932292858628741e-65,1.7109478714810715,1.9661464293143706e-61,True
ADAM23,2.2083200144742376e-75,1.7080325661678317,1.1041600072371189e-71,True
DNAJB1,8.682344277957152e-62,1.7072917101927143,4.341172138978576e-58,True
MYL9,1.7884157460478801e-28,1.7062636988181241,8.9420787302394e-25,True
DLG2-AS2,1.8050085579995287e-51,1.705281709250217,9.025042789997643e-48,True
PAFAH1B3,1.1229823364298114e-58,1.7044975223035561,5.614911682149057e-55,True
PKNOX2,1.4071656246842484e-76,1.703950668516526,7.035828123421243e-73,True
CLU,1.289605371915805e-34,1.7006811172482785,6.448026859579024e-31,True
TTYH1,8.46978161950811e-79,1.6944776901614755,4.234890809754055e-75,True
WIPF1,1.1522442613923134e-77,1.6908732376269104,5.7612213069615676e-74,True
LINC00682,4.517966561811536e-74,1.688108873418731,2.258983280905768e-70,True
OLFML2B,2.850335665635473e-74,1.6874697986244973,1.4251678328177366e-70,True
SMPD3,1.5942907187201868e-41,1.6871569445677421,7.971453593600934e-38,True
PRCD,9.087185002622352e-58,1.686226332050534,4.543592501311176e-54,True
CPLX1,7.262165354214147e-47,1.6847947690057274,3.631082677107073e-43,True
GASK1B,6.194732039619644e-90,1.684355849071653,3.097366019809822e-86,True
TBX2,5.365201681003973e-34,1.684060606354345,2.6826008405019862e-30,True
NLGN1,8.199527920457439e-68,1.682250989228124,4.0997639602287194e-64,True
ATP1A2,5.346306325431138e-82,1.680349641056536,2.673153162715569e-78,True
CPEB3,1.1242055668998085e-38,1.6772976237540838,5.621027834499042e-35,True
HAND2-AS1,1.7272012648098979e-65,1.6743294446528727,8.636006324049489e-62,True
CKB,1.3471655643795802e-71,1.6741805602615119,6.7358278218979006e-68,True
GPR137C,1.5080830044450225e-42,1.6727585500109041,7.540415022225112e-39,True
FBN1,1.3628134317223813e-80,1.670140072133963,6.8140671586119065e-77,True
DSCAML1,1.1855454105016435e-38,1.668978286134743,5.927727052508217e-35,True
TANC1,3.690957594017765e-74,1.668473289778321,1.8454787970088825e-70,True
RAPGEF4,6.714866530939218e-36,1.667630904969711,3.357433265469609e-32,True
TMTC1,4.334688888040378e-30,1.6650266166308534,2.1673444440201888e-26,True
SPOCK3,4.848786626343444e-43,1.6607757164723476,2.4243933131717218e-39,True
CRTAC1,8.544762508737156e-34,1.6602784304061058,4.272381254368578e-30,True
ETS1,1.4471897677024549e-81,1.6590887851572838,7.235948838512275e-78,True
H4C3,2.110306558393181e-29,1.656980336479435,1.0551532791965905e-25,True
KCNMB4,3.309311040502589e-62,1.6556028584978153,1.6546555202512944e-58,True
GNG12,3.264077900383961e-85,1.6553848387666479,1.6320389501919804e-81,True
SYNE1,5.070340694951926e-62,1.6521189515942236,2.535170347475963e-58,True
ZSWIM5,9.7050214429808e-39,1.651071428756992,4.8525107214904e-35,True
FGF13,1.9147877683740223e-27,1.650557983453215,9.573938841870112e-24,True
ECEL1,1.1002001304111995e-44,1.6500126456352797,5.501000652055998e-41,True
CYTH3,2.0411466448239275e-69,1.6498615701707264,1.0205733224119638e-65,True
TMEM132B,1.2749106353869938e-79,1.6493333709010618,6.374553176934969e-76,True
CENPV,7.494569665601078e-67,1.648899574470754,3.747284832800539e-63,True
VAT1L,5.845348517112642e-19,1.6481506401796202,2.922674258556321e-15,True
UNC80,5.8426566780456266e-39,1.646550252554745,2.921328339022813e-35,True
GRIA4,1.0580267513131598e-34,1.645988620658838,5.290133756565799e-31,True
YWHAH,1.7778197456453188e-49,1.6454231807287294,8.889098728226594e-46,True
ACAT2,3.8688643600779704e-35,1.6447669701335692,1.9344321800389852e-31,True
CREB5,1.4022693197863476e-61,1.6442523874509005,7.011346598931738e-58,True
COL25A1,1.579443815387045e-75,1.643897977643383,7.897219076935225e-72,True
SMAD1,5.955160481678297e-38,1.6436428658626532,2.9775802408391487e-34,True
REEP2,4.453121023707358e-50,1.6424963771367769,2.2265605118536788e-46,True
TAC3,1.2438357465832235e-43,1.6414865407679478,6.2191787329161174e-40,True
DNER,1.675992352770576e-44,1.641274818058514,8.37996176385288e-41,True
EPB41L5,6.078023474896744e-32,1.6400382247580976,3.039011737448372e-28,True
FST,2.3398616810357564e-24,1.6312802587622903,1.1699308405178781e-20,True
TMEFF2,2.4589714946416434e-50,1.6307579025740657,1.2294857473208217e-46,True
GAB2,4.364233862666579e-40,1.6305134100589345,2.1821169313332894e-36,True
ADAMTS9,4.214047046695805e-75,1.6296963361425436,2.1070235233479027e-71,True
STK3,9.086914417916572e-78,1.6280587063581224,4.543457208958286e-74,True
ZNF704,2.050642637461426e-32,1.6278492982963537,1.025321318730713e-28,True
LRRFIP1,3.803529563460361e-34,1.6276241187087463,1.9017647817301805e-30,True
ADCY9,1.1310130720485256e-24,1.6248947477516331,5.6550653602426275e-21,True
CTNNAL1,1.5218736695634273e-65,1.6237629979279702,7.609368347817136e-62,True
LINC01122,4.504764924588628e-41,1.6236984025263286,2.252382462294314e-37,True
PDZRN3,8.943646190934753e-70,1.6236105624991257,4.4718230954673763e-66,True
SERPINH1,4.6655365770194593e-82,1.6233766369064302,2.3327682885097295e-78,True
KIF13A,6.238074067558946e-66,1.6219073473723964,3.1190370337794726e-62,True
ACSL4,4.7909019235244156e-32,1.621775405913372,2.395450961762208e-28,True
USP53,2.6021379154841842e-68,1.616967314458042,1.301068957742092e-64,True
GFRA1,4.3609812964293013e-79,1.6160245339744836,2.1804906482146507e-75,True
S100A11,3.178623111091481e-74,1.6156810380345017,1.5893115555457404e-70,True
DOCK1,2.7418500158684268e-76,1.6155128404788828,1.3709250079342133e-72,True
TOX,2.7552883603480014e-46,1.6145675091671647,1.3776441801740007e-42,True
COL3A1,3.1227109682904934e-40,1.6145244170304813,1.5613554841452468e-36,True
MAGI3,2.341477918455894e-33,1.6143445491080057,1.170738959227947e-29,True
SPATA6,7.775734641248827e-63,1.6129385420567246,3.8878673206244136e-59,True
JPT1,5.087282618735394e-63,1.6121100856645563,2.543641309367697e-59,True
CELF3,3.664861943074369e-58,1.611746755184989,1.8324309715371844e-54,True
ST8SIA3,4.1163307854217246e-36,1.6102255205482492,2.0581653927108623e-32,True
PIEZO2,3.1498026432891144e-79,1.6085286022041467,1.5749013216445572e-75,True
CTDSPL,5.453889008957927e-61,1.607342440686909,2.7269445044789633e-57,True
RASGEF1C,2.757813422693895e-72,1.6049494158320958,1.3789067113469475e-68,True
AC115282.1,8.623548739746822e-37,1.6048506279907881,4.311774369873411e-33,True
DLEU1,2.4130550552428772e-71,1.6043125822155382,1.2065275276214386e-67,True
CHGB,1.1300394418758067e-76,1.6029741348513418,5.650197209379033e-73,True
LINGO1,4.6387190604001564e-35,1.600602588323098,2.319359530200078e-31,True
SMIM18,4.120854159938872e-45,1.600387947041337,2.060427079969436e-41,True
SNAP25-AS1,4.820303458189082e-60,1.5988706049367538,2.410151729094541e-56,True
FCHSD2,2.6720273158239116e-21,1.5984296049542737,1.3360136579119558e-17,True
H1-3,2.30503220639625e-25,1.596470672072504,1.152516103198125e-21,True
ABCA3,1.794244003978631e-30,1.5960079963999805,8.971220019893154e-27,True
FKBP1B,8.327492682676903e-40,1.595800596287503,4.163746341338451e-36,True
SOX2-OT,8.582537939634687e-15,1.593211353693552,4.291268969817343e-11,True
ARHGEF26,2.2319694685833907e-76,1.5930554292275112,1.1159847342916954e-72,True
DNAJC12,8.954562985828437e-33,1.592648836141843,4.477281492914219e-29,True
PCDH7,2.2088521385631797e-79,1.5919697212263375,1.1044260692815899e-75,True
GAS2L3,9.378511069376972e-74,1.5909956375550516,4.689255534688486e-70,True
LPCAT2,2.8661504020060337e-68,1.587639241076391,1.4330752010030169e-64,True
ITGA4,6.023415727263861e-72,1.587530793758454,3.0117078636319303e-68,True
CACNA1C,9.289527815041431e-48,1.5830881524816092,4.644763907520715e-44,True
CSMD3,9.964266648631419e-30,1.5828516850847199,4.9821333243157096e-26,True
ZNF804A,1.4850676334670252e-26,1.581915649158994,7.425338167335126e-23,True
NDRG4,3.005457554548968e-42,1.579937619167602,1.502728777274484e-38,True
TNNI3,1.0973559255744842e-38,1.579519399163306,5.486779627872421e-35,True
TMTC2,2.12720640404403e-37,1.5791537156318554,1.063603202022015e-33,True
FRRS1L,3.3907454304225574e-32,1.5787055954774556,1.6953727152112787e-28,True
RAB33A,8.130829506453782e-42,1.5783920721691265,4.0654147532268907e-38,True
PLAC9,2.2795916343773372e-58,1.57823370303328,1.1397958171886686e-54,True
CHGA,2.2885377119542996e-65,1.5781642138013625,1.1442688559771498e-61,True
FAM107B,1.3817631451178144e-58,1.5750130208454125,6.908815725589073e-55,True
MARK1,2.6897178854078297e-25,1.5747561381464705,1.3448589427039149e-21,True
MPPED2,1.8190495700830185e-29,1.5746552339924051,9.095247850415093e-26,True
PPP1R13B,3.517024665125138e-30,1.5717946695922538,1.758512332562569e-26,True
MEGF10,7.256566245918748e-66,1.5702706699570912,3.6282831229593742e-62,True
PKIA,1.5762194272253258e-40,1.5700209500254982,7.88109713612663e-37,True
MYT1,4.906082461041191e-46,1.567810053461534,2.4530412305205954e-42,True
RBPMS,6.859612409609825e-72,1.56437603357373,3.4298062048049124e-68,True
KCNMA1,1.6078440866946155e-21,1.5641838399422943,8.039220433473078e-18,True
CALCB,2.266708546570705e-48,1.5631693595247595,1.1333542732853525e-44,True
H1-5,2.3898568604485043e-19,1.562223241019025,1.1949284302242522e-15,True
KIAA1755,2.256057996464596e-66,1.5621997410060082,1.128028998232298e-62,True
TCEAL2,3.081468547183533e-40,1.5616954923735507,1.5407342735917665e-36,True
ITGA2,1.397707623846525e-66,1.5615218060938587,6.988538119232626e-63,True
DOK4,5.782951233249741e-36,1.5607093516432013,2.8914756166248705e-32,True
SHC4,3.16029114170447e-63,1.5572673474485277,1.580145570852235e-59,True
AFDN,1.0949457154774e-29,1.5560822655070103,5.474728577387001e-26,True
EYA1,4.250237192467354e-28,1.555714947908446,2.125118596233677e-24,True
S100A10,9.817920038186689e-56,1.5550727860281142,4.908960019093344e-52,True
KCNK10,5.82034382486802e-26,1.5545175479771407,2.9101719124340097e-22,True
KCNB2,1.0300019871354403e-29,1.5540852114994157,5.150009935677202e-26,True
PLCL1,1.3394845924020594e-26,1.5525226788354907,6.697422962010297e-23,True
ADAM19,5.272754944859946e-61,1.5523788563627425,2.636377472429973e-57,True
KIF5A,1.229364752874446e-41,1.5519667849470746,6.14682376437223e-38,True
KCNJ6,1.7477479281053882e-41,1.551220746584731,8.73873964052694e-38,True
FAM126A,5.758855488175113e-63,1.5510685313719381,2.8794277440875564e-59,True
INSM1,2.883517106303068e-19,1.5508097056248096,1.441758553151534e-15,True
EML6,7.451828555434294e-38,1.55040065070215,3.725914277717147e-34,True
JAG1,4.033190671466697e-69,1.5490193760494277,2.0165953357333485e-65,True
GRIK2,1.0794694303141569e-42,1.5480464087677728,5.3973471515707845e-39,True
SCAMP5,2.169233464578166e-37,1.5476361854258183,1.084616732289083e-33,True
BUB3,1.0038202151438384e-42,1.5476122563525276,5.0191010757191915e-39,True
KALRN,1.3280501918246165e-28,1.5466894451303206,6.640250959123083e-25,True
IQGAP2,7.250325472380504e-55,1.5451976695640925,3.625162736190252e-51,True
TSC22D2,1.0902326175585559e-57,1.5440320538602834,5.451163087792779e-54,True
IFITM3,1.0628941964078757e-68,1.5394339323075972,5.3144709820393785e-65,True
MAPK10-AS1,2.2749672369909532e-35,1.53925183389015,1.1374836184954766e-31,True
ABHD3,1.1682524203345684e-46,1.5388544311211487,5.841262101672842e-43,True
BACH2,1.8108819406965463e-51,1.5380583756795108,9.054409703482731e-48,True
CRABP1,2.278942768196433e-67,1.5372958856811754,1.1394713840982166e-63,True
OCIAD2,2.8390155225933357e-62,1.5351946759386506,1.4195077612966679e-58,True
JUND,7.0079884227576e-52,1.533590362173881,3.5039942113788e-48,True
MYH7,2.6928007633921778e-31,1.5328203420199569,1.3464003816960889e-27,True
ABCA1,4.0035840483916606e-61,1.5325096769613853,2.0017920241958301e-57,True
AC090709.1,6.0709532835579183e-33,1.531246956987931,3.0354766417789593e-29,True
RIC3,2.0403750216719058e-35,1.5306759257597986,1.020187510835953e-31,True
KCNT2,8.838686227117691e-27,1.530491021236272,4.419343113558846e-23,True
ERC2,2.6256575646416623e-26,1.529961288233245,1.3128287823208312e-22,True
LINC01505,1.5273629110017198e-65,1.5298223798203934,7.636814555008599e-62,True
IMMP2L,1.6465550709798736e-57,1.5294522427141688,8.232775354899369e-54,True
RXRG,1.2843059830505047e-60,1.528266412240732,6.421529915252523e-57,True
DOCK4,2.401624575670058e-21,1.5280587071113705,1.200812287835029e-17,True
XYLT1,2.324116857732403e-22,1.527078519742622,1.1620584288662016e-18,True
FAM13C,3.2753039888740546e-28,1.5266919620047237,1.6376519944370273e-24,True
VWA1,1.10600000587773e-66,1.5265373803870244,5.53000002938865e-63,True
FBLN2,1.608512421476826e-67,1.5261952861571075,8.042562107384131e-64,True
ZNF608,5.11954050212562e-56,1.525362244457948,2.55977025106281e-52,True
SLC18A2,1.4874812201474195e-32,1.5212506001702402,7.437406100737097e-29,True
DNAJC6,4.2503989504957255e-18,1.5208854446354887,2.1251994752478626e-14,True
C4orf48,8.208259817603996e-65,1.5182736964354095,4.104129908801998e-61,True
MACROD2,1.062376161474384e-24,1.5178737311817514,5.31188080737192e-21,True
FBXO30,1.1487975496818817e-30,1.5176787244660734,5.7439877484094084e-27,True
NR4A2,1.3472225372210462e-62,1.5172101546032666,6.736112686105231e-59,True
LIMCH1,1.1155308394580304e-58,1.5169239187091477,5.577654197290152e-55,True
THSD7A,6.13174484431559e-65,1.5154900864232241,3.065872422157795e-61,True
PHACTR1,2.083985692539729e-17,1.515104177207035,1.0419928462698645e-13,True
HSPB2,1.35566006942709e-48,1.514798350518828,6.778300347135451e-45,True
PITPNC1,3.9990724956639716e-28,1.514066563755649,1.999536247831986e-24,True
HMCN1,2.766963098026277e-62,1.5095057304166424,1.3834815490131385e-58,True
BAG3,4.5218622296955265e-48,1.5087119620808362,2.260931114847763e-44,True
CCSER1,1.0085254948168335e-46,1.5057481511845336,5.042627474084167e-43,True
TLE4,6.5846789918950225e-24,1.5055144859497678,3.292339495947511e-20,True
CDK5R2,3.461452154044508e-31,1.5019932848486275,1.7307260770222538e-27,True
KCNB1,5.7628058920710864e-36,1.501906611163885,2.881402946035543e-32,True
SAMD5,1.977626498138141e-56,1.5009298385220649,9.888132490690704e-53,True
NNAT,1.021154339184702e-50,1.500912583965063,5.10577169592351e-47,True
MAPRE3,2.3891574796645333e-37,1.5008431813160903,1.1945787398322667e-33,True
RFTN2,1.3573711958047268e-64,1.5006933114543988,6.786855979023634e-61,True
MAN1A1,1.3452630616676363e-22,1.4995503956958443,6.726315308338181e-19,True
CYP7B1,2.9146042680509078e-59,1.4944004952043548,1.4573021340254539e-55,True
SYT5,2.654223999929465e-46,1.4938009103548897,1.3271119999647325e-42,True
PROX1,1.0025337810025412e-33,1.4898829853402493,5.012668905012706e-30,True
TUBA1C,6.887823293595668e-26,1.4891640309143201,3.443911646797834e-22,True
NHS,1.3257283425556068e-30,1.48774389532647,6.628641712778035e-27,True
ADAMTS5,1.822093599134924e-51,1.4874642187139395,9.110467995674621e-48,True
ZNF10,5.073557832999671e-29,1.4835088257659232,2.5367789164998357e-25,True
MAP3K1,1.4775879984956723e-49,1.4831862547134784,7.387939992478361e-46,True
RAB39A,1.78800980092297e-35,1.4810593610978107,8.94004900461485e-32,True
DOCK5,1.1336127182444536e-56,1.4805188058887016,5.668063591222268e-53,True
PDE4B,2.677490480777711e-46,1.4804814081114013,1.3387452403888555e-42,True
LDLR,2.8596494135765368e-21,1.4778671963616894,1.4298247067882683e-17,True
CXADR,2.8756249700783733e-49,1.4770880093081344,1.4378124850391868e-45,True
RGCC,8.235882674183685e-62,1.4757307120394225,4.117941337091843e-58,True
LINC02735,1.7539671213966685e-26,1.4744839846782392,8.769835606983342e-23,True
FAM13A,4.196707542724198e-51,1.4743939628431377,2.098353771362099e-47,True
CNNM2,9.223593042249474e-18,1.4726816296541276,4.6117965211247374e-14,True
SDK1,1.8180764866546355e-34,1.472573218705172,9.090382433273178e-31,True
TFAP2A,2.40656300348607e-54,1.4722049249016942,1.203281501743035e-50,True
RND3,5.612117115938055e-58,1.471078886167433,2.8060585579690274e-54,True
PEAK1,2.154156165876848e-48,1.4681836462252655,1.0770780829384241e-44,True
ASPA,5.263390916991226e-58,1.4659508534315715,2.631695458495613e-54,True
ST6GALNAC2,6.6130833455372476e-52,1.4644646533959187,3.3065416727686235e-48,True
MSMO1,1.0913304056722474e-24,1.464463917091971,5.456652028361237e-21,True
LATS2,7.401276993751742e-63,1.4640421937552242,3.7006384968758706e-59,True
KIRREL3,3.291945215990594e-56,1.4611559605216793,1.645972607995297e-52,True
ACSL3,1.3540094155415847e-29,1.4609159863239014,6.770047077707923e-26,True
DLL3,2.6863184995949017e-30,1.4604714046145597,1.3431592497974509e-26,True
EPS8,4.539589946176842e-57,1.4602368463856632,2.269794973088421e-53,True
QDPR,7.449513761207301e-51,1.4599680654428564,3.7247568806036506e-47,True
MIF,2.9883385916339607e-49,1.4597997454767817,1.4941692958169803e-45,True
CTSB,9.729621017773334e-26,1.4594217069885687,4.864810508886667e-22,True
H1-4,2.6968326554291174e-20,1.4591389408555238,1.3484163277145588e-16,True
TSPAN5,7.630170736259614e-29,1.4580476641417874,3.8150853681298067e-25,True
IL1RAP,1.3402691398820555e-55,1.4578493220528854,6.701345699410278e-52,True
SERP2,1.060744787443492e-33,1.4577398399129984,5.303723937217461e-30,True
OSBPL6,2.286547773727645e-22,1.4573856687733995,1.1432738868638224e-18,True
ARG2,9.690605376880057e-28,1.4568129428308227,4.845302688440028e-24,True
DISC1,1.267255951515661e-55,1.4552927108959417,6.3362797575783055e-52,True
TMEM132C,6.954703132936812e-27,1.454757796967328,3.477351566468406e-23,True
RAP1GAP2,6.728275282359606e-33,1.4545753465711622,3.3641376411798034e-29,True
AC027288.3,1.2826843190608765e-35,1.4540813450333934,6.413421595304382e-32,True
MTSS1,2.4412453864428672e-15,1.4519850589462058,1.2206226932214336e-11,True
AHCYL2,2.0504663698187766e-24,1.4519678311434143,1.0252331849093882e-20,True
MEG8,1.9496681634357647e-23,1.450812363954448,9.748340817178823e-20,True
PCSK5,8.713751441155998e-64,1.4506262822783689,4.3568757205779993e-60,True
ST18,1.2168459334012018e-15,1.4501799992762117,6.084229667006009e-12,True
RUNDC3A,1.4985305937273522e-44,1.4494920135025906,7.49265296863676e-41,True
FMNL2,2.3192452447004492e-30,1.44805667831706,1.1596226223502246e-26,True
SLC2A13,2.299972525513453e-38,1.446731742555385,1.1499862627567266e-34,True
CNTNAP2,3.797625606429773e-23,1.444575657267697,1.8988128032148865e-19,True
CDC42EP3,1.6779791233905646e-26,1.4445158040038668,8.389895616952823e-23,True
TGFBR3,4.820029092004364e-58,1.4443345129609897,2.410014546002182e-54,True
TCF7L1,4.8561427843548773e-60,1.4441562231347986,2.4280713921774387e-56,True
TMEM117,3.930503502942579e-55,1.4429689741084684,1.9652517514712896e-51,True
GLYATL2,3.910694623816184e-22,1.4419449580649943,1.955347311908092e-18,True
RAB3B,2.4050921353130773e-33,1.4377410166594746,1.2025460676565387e-29,True
SAMD4A,7.099788333568671e-56,1.4373762326923538,3.5498941667843354e-52,True
LRRC49,1.821989261410481e-30,1.4372963369076048,9.109946307052404e-27,True
SIPA1L1,4.668972730388629e-49,1.436378624650561,2.3344863651943144e-45,True
CYTH1,1.6863017607973856e-30,1.4363238142995605,8.431508803986928e-27,True
TSC22D4,1.3283367965475153e-54,1.4358875196096146,6.641683982737576e-51,True
KIAA1549L,1.569460836904849e-29,1.4339578551423098,7.847304184524245e-26,True
CACYBP,1.5304193574503296e-39,1.4337831323260468,7.652096787251649e-36,True
NR2F1,5.602010688799657e-52,1.4333278487123828,2.8010053443998285e-48,True
CDK8,1.7610932158751272e-22,1.4324444461940662,8.805466079375636e-19,True
AFF3,3.787136911842831e-51,1.431830777811904,1.8935684559214157e-47,True
GATM,2.720983214514668e-51,1.4274051222309776,1.3604916072573338e-47,True
PDE3B,1.4325557832800414e-28,1.4242964525010327,7.162778916400207e-25,True
PHLPP1,1.1974732431083846e-45,1.423726494316996,5.987366215541924e-42,True
MEIS2,4.0695357973912785e-18,1.4228374837128315,2.034767898695639e-14,True
RGS7BP,4.491278927393421e-28,1.4201947226245333,2.2456394636967105e-24,True
OLFM3,3.5725667272061395e-34,1.419071296482068,1.7862833636030698e-30,True
BACH1,2.6734836934043286e-46,1.4185378951301084,1.3367418467021643e-42,True
UBE2S,3.2118213997543883e-38,1.4166507723560062,1.6059106998771942e-34,True
DPYSL4,1.5433484264159636e-30,1.4139036613997664,7.716742132079819e-27,True
STXBP5L,1.0978400187447396e-28,1.4123011081078642,5.489200093723698e-25,True
MYO10,3.747469162744716e-60,1.4122286317643715,1.8737345813723579e-56,True
LRRN2,1.439892760704198e-37,1.40932504258531,7.1994638035209905e-34,True
NTNG1,4.86550215249926e-36,1.4078701930260709,2.43275107624963e-32,True
ABI3BP,8.284530873220844e-17,1.4071669672206402,4.142265436610422e-13,True
FAM117B,7.634648456223146e-15,1.4064046652396716,3.817324228111573e-11,True
NR2F1-AS1,5.890501444684714e-54,1.405534783828029,2.945250722342357e-50,True
SLC7A5,3.2497975333490116e-27,1.4048921131819352,1.624898766674506e-23,True
GDAP1,8.130000974376401e-33,1.4017865739557211,4.0650004871882e-29,True
GCHFR,1.261916186596822e-34,1.4007906358718023,6.30958093298411e-31,True
IGSF11,1.3515412079679744e-48,1.4003524130408112,6.757706039839872e-45,True
MARCHF3,2.472843241570691e-49,1.3970888565708661,1.2364216207853455e-45,True
AATK,2.294618467399434e-48,1.3953010686799145,1.147309233699717e-44,True
RYR3,1.05780992750769e-22,1.3952873949032367,5.2890496375384495e-19,True
BBC3,8.950931929826527e-31,1.3924420293136663,4.475465964913263e-27,True
CXCR4,3.905592666534287e-34,1.3924221042053584,1.9527963332671433e-30,True
AC099489.1,3.579211585121131e-21,1.391133512448731,1.7896057925605656e-17,True
BACE2,8.877301702600355e-56,1.3909183817932314,4.438650851300177e-52,True
ITGB8,1.0467765434813715e-56,1.3902572235364552,5.233882717406858e-53,True
EPHA6,9.788311498258754e-20,1.388399086372068,4.894155749129377e-16,True
ARL15,5.092952724458515e-38,1.3876701488146188,2.5464763622292575e-34,True
ISOC1,6.933728386668288e-32,1.387089353894206,3.466864193334144e-28,True
ART3,2.8734697434764603e-51,1.3867115546278306,1.43673487173823e-47,True
CPEB4,1.1108111953528092e-30,1.386700211753501,5.5540559767640465e-27,True
ROBO2,1.0634146507554788e-51,1.3865262532583449,5.317073253777394e-48,True
PEX5L,4.982628712351997e-32,1.3862691210124631,2.4913143561759985e-28,True
SQLE,2.198935277785959e-24,1.3847291455201376,1.0994676388929795e-20,True
DUSP16,2.9336849916167793e-40,1.3836763574003972,1.4668424958083896e-36,True
DNM1,6.5344308736036e-23,1.383358512988182,3.2672154368018003e-19,True
FN1,5.970938487639458e-48,1.3823933049303747,2.985469243819729e-44,True
HS6ST3,1.8115270752396457e-33,1.3809609607089492,9.057635376198228e-30,True
DAB1,1.0627562471474446e-40,1.3808124670860658,5.313781235737223e-37,True
SLIT2,4.417127411503152e-49,1.3805019156214122,2.208563705751576e-45,True
SAMHD1,1.0921610708687723e-46,1.379175558669273,5.460805354343861e-43,True
SESN1,2.3828081313989672e-29,1.3791597486968121,1.1914040656994835e-25,True
PHLDB2,3.350608646334718e-52,1.3782538777329771,1.675304323167359e-48,True
SOX6,6.475125252886964e-52,1.3780970684816722,3.237562626443482e-48,True
H2AC17,1.7161892650691208e-17,1.3756515555917141,8.580946325345604e-14,True
FOXO1,5.335001203736584e-48,1.3749208138676543,2.667500601868292e-44,True
RORB,1.5462734490962154e-27,1.3737093049345601,7.731367245481077e-24,True
AC012409.2,1.5992920552941162e-48,1.3722559746538807,7.996460276470581e-45,True
DNAJA4,2.7605641562526774e-36,1.3716917517240914,1.3802820781263387e-32,True
GNB5,7.061043509793222e-27,1.3715608313006549,3.530521754896611e-23,True
WWC2,7.872093665071213e-48,1.3694773652097485,3.9360468325356064e-44,True
DTNB,5.322734921346908e-20,1.369450960088577,2.661367460673454e-16,True
NPR3,2.5678626297152913e-54,1.3692465549051702,1.2839313148576456e-50,True
NRIP1,2.7804235189021785e-41,1.3684521390328483,1.3902117594510894e-37,True
PCBD1,1.0330167382137869e-32,1.3676669364921077,5.165083691068935e-29,True
CSRNP3,7.454163260608387e-21,1.3676174144954931,3.7270816303041936e-17,True
UST,1.4532130699643794e-48,1.36714658367739,7.266065349821898e-45,True
SPSB4,5.846005555518117e-29,1.3659317516399594,2.9230027777590586e-25,True
NRCAM,1.102976187587264e-17,1.3652051005806778,5.5148809379363206e-14,True
PDE7B,4.521980691030753e-50,1.3650626161074029,2.2609903455153763e-46,True
FAM184A,1.4052894692001322e-18,1.3646434793162792,7.0264473460006615e-15,True
ATF7IP2,2.979965511368661e-45,1.3630279164446433,1.4899827556843304e-41,True
NIBAN1,2.829124324130929e-51,1.3612207971688146,1.4145621620654646e-47,True
HOXD3,4.6535868480417934e-27,1.3611683496016567,2.3267934240208966e-23,True
COL2A1,9.954662990064431e-50,1.360758699677247,4.977331495032216e-46,True
CTNND2,1.5812685910198383e-23,1.360660031277743,7.906342955099192e-20,True
ST6GAL2,8.045850828803372e-24,1.3606455435002052,4.022925414401686e-20,True
PRICKLE2,2.5455736240544584e-41,1.3598803367926382,1.2727868120272292e-37,True
GRID2,2.3713868096383626e-43,1.3578664417460897,1.1856934048191813e-39,True
NPAS3,3.6962347781253194e-48,1.3573802181219383,1.8481173890626598e-44,True
PTPN14,2.082212919044431e-52,1.3570967253451964,1.0411064595222154e-48,True
KCND2,1.5958312350719738e-32,1.3566931828730073,7.979156175359869e-29,True
KCNQ1OT1,9.411279236587169e-42,1.3561150967109499,4.705639618293584e-38,True
KCNQ2,1.6345919812030058e-38,1.355410800516061,8.172959906015029e-35,True
ZNF33B,2.8487282954264925e-28,1.3549521816618524,1.4243641477132464e-24,True
LINC00511,1.6784716606358574e-44,1.3541338176518138,8.392358303179287e-41,True
MAB21L2,4.8004194546947037e-32,1.3525816231073482,2.4002097273473517e-28,True
LHFPL6,1.4211430622283484e-46,1.3514253700041443,7.105715311141742e-43,True
MXD1,1.2350305480228154e-33,1.3510897403022364,6.175152740114077e-30,True
RASAL2,4.968784564648156e-22,1.3509474568573485,2.484392282324078e-18,True
RTN2,6.513346940328979e-30,1.350752769679859,3.256673470164489e-26,True
TNFAIP6,3.9986092379033785e-53,1.3507493449393781,1.9993046189516892e-49,True
PRDX2,8.565550129692964e-43,1.3477442320799031,4.2827750648464816e-39,True
DHRS3,2.7914894053285196e-51,1.3465482191500122,1.3957447026642598e-47,True
SLITRK6,3.0257303559278607e-47,1.3454852460277138,1.5128651779639303e-43,True
STARD13-AS,2.790656053613612e-46,1.3450158167948567,1.395328026806806e-42,True
H1-1,8.55842055469795e-17,1.3429616843740262,4.279210277348975e-13,True
BCHE,3.2534247315379475e-42,1.3428068508327695,1.6267123657689738e-38,True
LGI1,6.189778849633327e-44,1.3427262941356082,3.0948894248166636e-40,True
NPAS4,2.302032255193673e-28,1.3412392983782744,1.1510161275968367e-24,True
INTS6,5.0062958092957085e-36,1.3409200502570247,2.503147904647854e-32,True
ELF1,1.1731895929388934e-46,1.3390420315496725,5.865947964694467e-43,True
UTY,8.557163321049844e-41,1.3388347524712756,4.278581660524922e-37,True
CCN1,9.181918823881279e-49,1.338771572713694,4.590959411940639e-45,True
PDGFC,1.3118677314935898e-48,1.3372015982679772,6.559338657467948e-45,True
TAOK3,7.557886804585278e-37,1.3340217205923226,3.778943402292639e-33,True
USP9Y,1.3103639129983109e-28,1.333283400616557,6.551819564991554e-25,True
RGS3,7.128982112958587e-15,1.333257396267701,3.5644910564792935e-11,True
ROR1,7.054289687128106e-41,1.3326360660182974,3.527144843564053e-37,True
C1QL1,1.6369579801572015e-16,1.3317573058248415,8.184789900786007e-13,True
HIP1,9.609884132365345e-23,1.3313549628640313,4.804942066182673e-19,True
PRDM16,1.4026489182061547e-49,1.3303536430169993,7.013244591030773e-46,True
RASGEF1B,1.9193658401313805e-17,1.3298807046743106,9.596829200656903e-14,True
GRIA2,1.8145602959113847e-26,1.3290458544262393,9.072801479556923e-23,True
CDH18,5.551297916064222e-21,1.328832146770469,2.775648958032111e-17,True
KAZN,1.4850218577454981e-22,1.3259784884437353,7.425109288727491e-19,True
HHIP,4.641634315696531e-27,1.3251582637827795,2.3208171578482654e-23,True
DENND5B,1.217960796021043e-21,1.3246578761811225,6.0898039801052154e-18,True
RDH10,9.34446817399154e-36,1.32420406785659,4.67223408699577e-32,True
NR6A1,5.599180291196183e-38,1.3229761377162812,2.7995901455980917e-34,True
ITM2A,6.7585515148652475e-47,1.3216127266733777,3.3792757574326237e-43,True
AK1,1.0426854163632995e-33,1.3215340225125587,5.213427081816498e-30,True
PLAAT3,3.4578266356086276e-27,1.3205918583573446,1.7289133178043138e-23,True
PDE1C,3.346199066619832e-45,1.3195315730083232,1.673099533309916e-41,True
KCNQ3,2.592828933144651e-13,1.31936371051441,1.2964144665723256e-09,True
GPR22,4.903394164882926e-35,1.3193504025786955,2.451697082441463e-31,True
LRRN3,1.0880091532061438e-24,1.3191420809516883,5.440045766030719e-21,True
FNDC5,4.5963938382945917e-20,1.317652955480184,2.2981969191472956e-16,True
S1PR3,5.939745072742411e-40,1.3166086979494573,2.9698725363712057e-36,True
CNTN4,4.204676666345712e-38,1.3162984350865288,2.102338333172856e-34,True
GLCE,1.2913080808589244e-24,1.315482896813528,6.456540404294622e-21,True
SPATA13,1.132982155341435e-44,1.3134947444030212,5.664910776707176e-41,True
GINS3,4.937925294460996e-47,1.3120403370804412,2.468962647230498e-43,True
TINAGL1,1.5767480140704117e-34,1.3117978744911207,7.883740070352059e-31,True
ABCC4,3.259385254415491e-14,1.3096332382031288,1.6296926272077456e-10,True
PLS3,4.0193511443959953e-47,1.3085017853846077,2.0096755721979978e-43,True
LINC02798,1.4978338164491407e-45,1.307363867681913,7.489169082245703e-42,True
CDKN1C,7.748043676573459e-17,1.306788826004544,3.8740218382867295e-13,True
EZH2,1.6035434636558745e-35,1.3066326640043613,8.017717318279372e-32,True
CGAS,1.2328846371439814e-37,1.3053028943472187,6.164423185719907e-34,True
CEMIP2,1.3884210589763473e-38,1.3021946645918523,6.942105294881737e-35,True
PRSS12,5.391993987975789e-38,1.3011789765502777,2.6959969939878943e-34,True
LRRN1,1.1378942942709723e-43,1.299788643412775,5.689471471354861e-40,True
CNTN6,6.431917842097419e-46,1.298219428891009,3.2159589210487095e-42,True
ATF3,2.1038827088910117e-33,1.2979988236418234,1.0519413544455059e-29,True
PLEKHG1,2.8915626951654624e-41,1.2975998735670433,1.4457813475827311e-37,True
IRS2,3.540014055334982e-31,1.2957531500449497,1.770007027667491e-27,True
FBXL2,9.504157892495067e-12,1.294384380495691,4.752078946247533e-08,True
TTC8,2.0422215662208193e-27,1.2936971146292988,1.0211107831104096e-23,True
TSHZ2,2.751983361614724e-19,1.2930755595393322,1.3759916808073619e-15,True
IL1RAPL2,2.4777059887000403e-46,1.2918445798878273,1.2388529943500201e-42,True
KCNIP4,6.889897861727985e-29,1.2918285960238416,3.4449489308639925e-25,True
EZR,5.6896250397646816e-21,1.2914267166515776,2.844812519882341e-17,True
MAB21L1,1.5499594566296698e-25,1.291268704485498,7.749797283148349e-22,True
SORBS2,9.253395447761135e-47,1.291120243283171,4.626697723880567e-43,True
PLCH1,2.182392299313968e-46,1.2904220121015992,1.0911961496569841e-42,True
ADIPOR2,5.096972809336625e-32,1.2901083303470489,2.5484864046683125e-28,True
PPP1R9A,1.6249941050592281e-15,1.2898107956833111,8.124970525296141e-12,True
ZFP36L2,2.1364619722541606e-42,1.287862971469064,1.0682309861270803e-38,True
CLSTN2,1.9655824267039287e-21,1.2878503553547416,9.827912133519643e-18,True
SERPINE2,3.070076298424668e-35,1.2870801148638418,1.535038149212334e-31,True
CAVIN1,4.423203112911335e-38,1.28673450133939,2.2116015564556674e-34,True
LUZP1,8.728137105237513e-33,1.2866993723158777,4.364068552618756e-29,True
FAM171B,3.277152812874562e-22,1.2849006113422112,1.6385764064372812e-18,True
EPHA5,4.437249961692753e-42,1.2843504631359397,2.2186249808463767e-38,True
FAM241B,5.50210433834389e-32,1.2825517047717543,2.751052169171945e-28,True
MCF2L,1.47785892664065e-21,1.2822199255969833,7.38929463320325e-18,True
ABHD14A,1.8220062400747852e-31,1.282217030621507,9.110031200373926e-28,True
AC092924.2,6.407163385923738e-31,1.28040603213902,3.203581692961869e-27,True
RNF150,2.7638366008402373e-27,1.2800064393976824,1.3819183004201187e-23,True
LINC01197,9.334312667914087e-40,1.2783752812405467,4.667156333957044e-36,True
NR4A1,1.7133424646424217e-33,1.2776252624093063,8.566712323212109e-30,True
HMX3,2.0017395505373922e-32,1.2774493566096092,1.0008697752686961e-28,True
HSPA4L,4.598126440221815e-31,1.2769762652067973,2.2990632201109074e-27,True
CDC14A,8.266203528849783e-36,1.2748094851946488,4.1331017644248913e-32,True
CEND1,1.9878288789393234e-32,1.2734351463319755,9.939144394696618e-29,True
NFKB1,6.819907754955059e-40,1.2718975169962214,3.4099538774775295e-36,True
CAMK1D,1.376088681665577e-21,1.2704307899819107,6.880443408327885e-18,True
NDUFA4L2,4.087495786064891e-26,1.2698769399410714,2.0437478930324455e-22,True
IER5,1.0380914942654154e-31,1.2697073149577212,5.1904574713270765e-28,True
NCALD,3.533612278145129e-18,1.2696921900620055,1.7668061390725644e-14,True
RAB11FIP1,4.87820780391628e-38,1.269331407384825,2.4391039019581404e-34,True
ZDHHC20,2.951552617217328e-33,1.2686675958876021,1.475776308608664e-29,True
LGALS3,1.5899531780528634e-30,1.267681920704304,7.949765890264317e-27,True
COL12A1,1.1163692860406818e-46,1.2667545999271232,5.5818464302034086e-43,True
DOCK10,4.602446839837475e-39,1.2663673484071252,2.3012234199187374e-35,True
KIF11,7.91842430079367e-23,1.2656673010201316,3.959212150396835e-19,True
LINC01561,1.9276648446901357e-24,1.2656405848645875,9.638324223450679e-21,True
DLK1,1.0825068437205935e-31,1.2655002278623206,5.412534218602967e-28,True
FBLN5,1.3843968960292427e-43,1.2650155531702776,6.9219844801462135e-40,True
TBC1D9,5.949792790505905e-22,1.2643354337179598,2.9748963952529525e-18,True
SMC5-AS1,1.5228326876962246e-41,1.2632506826990164,7.614163438481123e-38,True
CORO1A,4.487158133691835e-36,1.262857490185677,2.2435790668459177e-32,True
RARB,3.336986412914284e-41,1.2597737387641137,1.6684932064571418e-37,True
CTSC,4.692776106578761e-46,1.2592936707805382,2.3463880532893802e-42,True
PPP1R1C,1.2242656744527878e-40,1.258141030910266,6.121328372263939e-37,True
AL358075.2,1.0269741848176184e-15,1.2578866588334519,5.1348709240880916e-12,True
LINC01695,2.9205839728396503e-19,1.2565440429094041,1.4602919864198251e-15,True
ABLIM1,1.0803513466987116e-15,1.2551251028961596,5.401756733493558e-12,True
GALNTL6,5.777143505515684e-14,1.2549214238405464,2.888571752757842e-10,True
MRPL18,4.723730488415057e-30,1.2548336270948142,2.3618652442075286e-26,True
AC099792.1,1.2406815553115145e-42,1.2541642490987073,6.203407776557572e-39,True
FGF2,1.9673237650140005e-39,1.2541088835853234,9.836618825070002e-36,True
RGS6,2.2649085549642494e-15,1.2534354830983911,1.1324542774821247e-11,True
ID1,3.5800447365457843e-16,1.252963816345332,1.7900223682728921e-12,True
SNCG,9.656363677402837e-24,1.2512957678693137,4.828181838701419e-20,True
SLC8A1-AS1,1.2962984528891648e-25,1.2501534183784464,6.481492264445824e-22,True
RABGGTB,4.579762856222312e-24,1.2494143451963917,2.289881428111156e-20,True
RASD1,1.8699571282012136e-27,1.2482360947735782,9.349785641006068e-24,True
TCEAL5,3.158168960521499e-25,1.2481939409765088,1.5790844802607494e-21,True
ENAH,8.743126267576308e-24,1.2479724291252428,4.3715631337881543e-20,True
PPP1R1A,1.0126810186277737e-28,1.2476389916501949,5.063405093138869e-25,True
EFNB2,4.736546556808598e-33,1.2472854671844382,2.368273278404299e-29,True
RANBP17,2.7195267316594344e-23,1.2466627880383205,1.359763365829717e-19,True
RNASE1,4.74661956125402e-33,1.2465081800747395,2.3733097806270098e-29,True
TENT5A,1.0913925141654725e-35,1.2464934265481598,5.456962570827362e-32,True
GRIK3,1.8165462413720069e-34,1.2450853066163767,9.082731206860034e-31,True
PTGER3,5.057824986445396e-27,1.2442559836183598,2.5289124932226982e-23,True
TMEM71,9.092008618074979e-38,1.243212917020218,4.54600430903749e-34,True
NXPH2,1.300995385325288e-13,1.2422951564123612,6.504976926626441e-10,True
PALM2AKAP2,2.292268064740449e-34,1.2418909011456125,1.1461340323702244e-30,True
MGAT5,1.993883518243835e-19,1.241803261199673,9.969417591219174e-16,True
ADAMTS17,2.6897220493436097e-35,1.2402721066690172,1.344861024671805e-31,True
IDI1,2.5849910587174196e-18,1.236923706688982,1.2924955293587098e-14,True
GPR155,3.1619053187813925e-34,1.23671992360496,1.5809526593906962e-30,True
ATP1B1,2.245161672025708e-25,1.2356995497053207,1.122580836012854e-21,True
IGFBPL1,6.856908716053873e-32,1.2356522696819536,3.4284543580269368e-28,True
COBL,4.176147435109411e-42,1.2355738884816216,2.0880737175547055e-38,True
TRIM67,2.2435351819019114e-22,1.2354808533907047,1.1217675909509557e-18,True
INSIG1,2.0939978897495774e-15,1.2348524690702556,1.0469989448747887e-11,True
AL033504.1,6.020511989070005e-34,1.2333911574388143,3.0102559945350026e-30,True
FRAS1,2.150767529876163e-41,1.2319443781700774,1.0753837649380815e-37,True
PLCB1,1.1783274786786624e-33,1.2316224565254035,5.891637393393312e-30,True
EFNA5,1.1091893228484343e-32,1.231179243008845,5.545946614242172e-29,True
KCNJ3,1.4560330930061952e-17,1.230770120615026,7.280165465030976e-14,True
TENM3-AS1,2.0997562451811884e-34,1.2291883687043277,1.0498781225905942e-30,True
PLN,1.1337401879678565e-25,1.228746862728824,5.668700939839283e-22,True
POU2F1,5.777326120687736e-31,1.2269379984517634,2.888663060343868e-27,True
H1-9P,9.902282652243302e-34,1.2262599340792968,4.951141326121651e-30,True
ZFAND2A,1.0414815480957684e-27,1.223469501877958,5.207407740478842e-24,True
MMADHC-DT,9.046102131446831e-38,1.2211604264061848,4.523051065723416e-34,True
AL050309.1,3.912825484636983e-30,1.220866998839602,1.9564127423184914e-26,True
AL157829.1,1.759035794623748e-24,1.2183801808041324,8.795178973118739e-21,True
PTPRM,1.9351144155865562e-37,1.2175459891477838,9.675572077932782e-34,True
RARRES2,4.890468033065684e-44,1.2159513498419452,2.445234016532842e-40,True
SEMA3A,9.489072763458866e-21,1.2155639519715218,4.744536381729433e-17,True
FGL2,9.860030336396597e-24,1.214838977475917,4.9300151681982985e-20,True
LINC01748,2.7477026239906414e-39,1.2113152435683245,1.3738513119953207e-35,True
ZFHX2,1.884908808829562e-21,1.2107922580527126,9.424544044147811e-18,True
FLNB,3.3162484301942647e-16,1.210064606113916,1.6581242150971323e-12,True
COL11A1,5.3478805505769197e-39,1.2093212809383795,2.67394027528846e-35,True
SQSTM1,2.2950094189619093e-31,1.209112929055718,1.1475047094809546e-27,True
BICC1,4.6642700528713294e-33,1.2079715123385388,2.3321350264356647e-29,True
APOA1,1.5334767917550478e-38,1.207678288871331,7.667383958775239e-35,True
FRMD3,7.828403090711464e-35,1.2075592425557469,3.914201545355732e-31,True
OTUD7A,3.460270344024342e-12,1.2074618064967886,1.730135172012171e-08,True
TMEM14A,8.774947458172073e-33,1.2062646128579972,4.3874737290860364e-29,True
PRKD1,5.1865433753706105e-30,1.2060662540259637,2.593271687685305e-26,True
LMCD1-AS1,1.127434312283101e-33,1.2047033343249347,5.6371715614155045e-30,True
HBEGF,4.645245624651572e-36,1.2044658002149702,2.322622812325786e-32,True
FHDC1,8.873067180743854e-35,1.2025895276647947,4.436533590371926e-31,True
MYO1E,4.8615860947094264e-30,1.2017778870595996,2.4307930473547132e-26,True
REL,7.7942709941205535e-28,1.2007046412827307,3.897135497060277e-24,True
CARMIL1,8.184062987692683e-18,1.1991486712582113,4.0920314938463413e-14,True
HS6ST2,3.520013467885856e-12,1.1987462605044958,1.760006733942928e-08,True
ROGDI,1.287754922204664e-25,1.1977710531508172,6.43877461102332e-22,True
CRIP2,2.0427991881775614e-30,1.1964862374047336,1.0213995940887806e-26,True
FABP3,1.7064264796797898e-32,1.1936856352553726,8.532132398398949e-29,True
MORC4,4.8299518520058884e-32,1.1886528701325547,2.414975926002944e-28,True
RAB31,4.783623266869332e-30,1.1875149920807302,2.391811633434666e-26,True
LINC02641,7.259950887163095e-11,1.1872856891742025,3.6299754435815475e-07,True
STXBP5,6.006895708886143e-13,1.1870066256167648,3.0034478544430714e-09,True
SH3RF1,4.3501865416976814e-35,1.1852721763224068,2.175093270848841e-31,True
LIN7A,6.244447044277146e-22,1.1836338773564803,3.122223522138573e-18,True
MYLIP,3.776195828008912e-33,1.182522979927068,1.8880979140044562e-29,True
KITLG,3.435625415482925e-39,1.1814219053741277,1.7178127077414625e-35,True
RAD51B,2.300655262191046e-30,1.180377295790434,1.1503276310955229e-26,True
HSPA2,1.5833612079270618e-28,1.1799176868493948,7.9168060396353085e-25,True
SYNDIG1,4.1746713769887703e-19,1.1797328823653601,2.0873356884943853e-15,True
LRRC7,2.783581554982346e-29,1.179276195775437,1.3917907774911732e-25,True
COL28A1,2.7040147991737708e-37,1.1787304455043877,1.3520073995868853e-33,True
FSTL3,2.796322527693631e-34,1.1785758618643678,1.3981612638468155e-30,True
MAP3K5,1.2138813292913048e-15,1.176509565454741,6.069406646456524e-12,True
EGLN3,1.4803681072084085e-21,1.175762965173843,7.401840536042042e-18,True
HS3ST2,1.5537566448026215e-20,1.1736466002065467,7.768783224013108e-17,True
AL591519.1,3.7872446370279506e-16,1.1735160906836921,1.8936223185139753e-12,True
MSRB3,1.286891679821826e-35,1.1704079750968814,6.43445839910913e-32,True
SLCO5A1,3.4822466572515955e-18,1.170147964145773,1.7411233286257977e-14,True
CACNB2,1.3499912114568e-18,1.1689828902251436,6.7499560572840005e-15,True
PAK1,1.7088281420861613e-19,1.168838839086642,8.544140710430807e-16,True
HUNK,2.7663705599616175e-27,1.1684859748441658,1.383185279980809e-23,True
TRABD2B,1.5307704081456326e-37,1.166909670251313,7.653852040728163e-34,True
SLC35G2,1.542615274923314e-25,1.1642638869336546,7.71307637461657e-22,True
ANK2-AS1,4.149499013178395e-18,1.1628438193732389,2.0747495065891977e-14,True
ZDHHC14,2.080211611132094e-13,1.162816734550385,1.040105805566047e-09,True
ASXL3,8.557728599627284e-11,1.1617630916613337,4.278864299813642e-07,True
SARM1,7.003178681009677e-15,1.1611399282022932,3.501589340504839e-11,True
MB21D2,5.8170813760265045e-39,1.158947358911493,2.908540688013252e-35,True
NXN,6.622407375267031e-28,1.1587641310435655,3.311203687633515e-24,True
AC009264.1,1.1948851865274269e-21,1.1570202325007055,5.974425932637134e-18,True
KLC2,1.4317152126159158e-21,1.1558140785108328,7.158576063079579e-18,True
PENK,8.158812279881018e-24,1.1556557432455679,4.0794061399405087e-20,True
EPHA7,7.518031723581749e-10,1.1547986790396663,3.7590158617908744e-06,True
TXNIP,1.095913889096544e-31,1.154065438501768,5.479569445482719e-28,True
FBXO34,1.0372916067949672e-22,1.1512970652457706,5.186458033974836e-19,True
CD44,2.589788329269792e-24,1.1507973853669824,1.2948941646348959e-20,True
HIVEP2,3.9066894558354193e-28,1.1502025909824598,1.9533447279177095e-24,True
TM7SF2,6.575567227760997e-22,1.1494489214943826,3.2877836138804983e-18,True
MCU,1.5623027474515656e-26,1.1484475238235519,7.811513737257828e-23,True
TMSB15A,1.5441901461391761e-31,1.1481789899765373,7.72095073069588e-28,True
GCNT1,2.2656181493116902e-29,1.1477442329315863,1.1328090746558451e-25,True
CIT,1.0037680760678281e-26,1.1470239511680673,5.0188403803391406e-23,True
LINC01473,4.19337211184717e-28,1.146910969688691,2.0966860559235853e-24,True
H2AX,7.549505809719996e-26,1.1464415629226048,3.7747529048599985e-22,True
PLCB4,2.0290252249556748e-13,1.1459775336585503,1.0145126124778374e-09,True
SBSPON,1.1698019775256141e-21,1.1454791560010997,5.8490098876280706e-18,True
GABRA2,4.6730114117222346e-33,1.145124548895033,2.3365057058611174e-29,True
DBH,1.4546764639606542e-17,1.1445128735380168,7.273382319803271e-14,True
SH3GL3,2.952830650650061e-12,1.1437611998952713,1.4764153253250304e-08,True
CD83,9.297282833899651e-31,1.1436359209261209,4.6486414169498256e-27,True
KIAA1328,3.473563941681115e-14,1.14270512245446,1.7367819708405574e-10,True
PRKG1,1.0306540848115596e-23,1.1423524539219037,5.153270424057798e-20,True
GALNT13,3.675942360226572e-15,1.142080526174239,1.837971180113286e-11,True
MMP16,2.5041211162091593e-18,1.1418209361270275,1.2520605581045797e-14,True
GALNT17,8.46185461732814e-34,1.1416101163627652,4.23092730866407e-30,True
HIVEP1,2.8071960356176945e-30,1.140327633837877,1.403598017808847e-26,True
RASSF8,3.124032943451211e-26,1.1395002367147935,1.5620164717256056e-22,True
EPB41L4B,2.634608981716379e-27,1.1392313391429736,1.3173044908581894e-23,True
ADGRV1,8.531189531889946e-13,1.138827963868637,4.265594765944973e-09,True
PAPPA,6.451394018706369e-13,1.1387937369802024,3.2256970093531847e-09,True
HRK,8.568846943859827e-26,1.1387177444806456,4.284423471929914e-22,True
TNC,1.2804025621294205e-35,1.1360604979428377,6.402012810647103e-32,True
GADD45B,6.564651556615409e-27,1.1351304447135715,3.2823257783077044e-23,True
DENND4A,1.501384045351589e-25,1.13454930975466,7.506920226757945e-22,True
UTS2,2.7880370599927895e-19,1.1331542929257747,1.3940185299963947e-15,True
KCNIP1,1.6293734549103412e-29,1.133088467554845,8.146867274551706e-26,True
LGR4,6.691168464140352e-27,1.13195030214191,3.345584232070176e-23,True
DACH1,1.913550977092637e-19,1.1319194735793445,9.567754885463184e-16,True
TNFAIP3,2.3453897979584055e-28,1.129265166349493,1.1726948989792028e-24,True
UNC13B,8.130118518816786e-18,1.1282578236123808,4.065059259408393e-14,True
PHLDA1,1.5286545320308332e-35,1.1281634166695178,7.643272660154166e-32,True
FBXL14,6.5712523548534635e-25,1.1273177785793722,3.2856261774267317e-21,True
PGAM2,1.9261702908110188e-29,1.1272857687564632,9.630851454055094e-26,True
FILIP1L,8.438676675742373e-32,1.1272542973289634,4.219338337871186e-28,True
EEPD1,6.806452166050438e-28,1.1271456185209474,3.403226083025219e-24,True
IER3,7.713116366665229e-28,1.1251943768415118,3.856558183332615e-24,True
SPRY1,1.7755305482553734e-31,1.1223396454908898,8.877652741276867e-28,True
BEX5,6.48945185797336e-21,1.1219868906639143,3.24472592898668e-17,True
MAOA,3.2203909841057564e-10,1.1215789784920787,1.6101954920528782e-06,True
LAMP5,3.121637514983613e-33,1.120896602431044,1.5608187574918062e-29,True
NRG3,8.665170401451678e-16,1.1198417504704188,4.332585200725839e-12,True
TUBB4B,2.6327368041421284e-21,1.119611450579698,1.3163684020710642e-17,True
DIPK1A,3.8505369335678736e-14,1.1187490826669733,1.9252684667839368e-10,True
CYB561,2.3203471205543873e-22,1.1175836567204682,1.1601735602771936e-18,True
TRPS1,2.0867679933891997e-30,1.1156484545717524,1.0433839966945999e-26,True
KLF9,7.090742247182179e-33,1.1147906264612657,3.545371123591089e-29,True
CLMN,2.7788084532225478e-28,1.1142112590519648,1.389404226611274e-24,True
L3MBTL4,3.0002870056315575e-13,1.1135162236001204,1.5001435028157787e-09,True
ZC3HAV1,3.1730692593157165e-26,1.113455939552864,1.5865346296578583e-22,True
EBF1,9.143417637957522e-12,1.1122625880080712,4.571708818978761e-08,True
MIS18BP1,2.3008487926743673e-17,1.1117729541040333,1.1504243963371837e-13,True
RELB,1.0904792011839545e-26,1.1112539741767062,5.452396005919772e-23,True
ANKH,2.7627970970520804e-21,1.109882020348202,1.3813985485260401e-17,True
BCL11B,6.139144738673024e-20,1.109077877491635,3.069572369336512e-16,True
CFL2,2.799774236205367e-26,1.1083314178703347,1.3998871181026835e-22,True
CSGALNACT1,4.778704130170541e-32,1.1078222716994195,2.3893520650852703e-28,True
INPP4B,5.123156230996228e-32,1.106583541138582,2.561578115498114e-28,True
BTG2,2.0188235400334632e-13,1.106256181212124,1.0094117700167315e-09,True
CLGN,5.06886701119854e-20,1.1053935690415175,2.53443350559927e-16,True
MYO1D,2.7636408741594366e-13,1.10504973096883,1.3818204370797182e-09,True
ARHGAP31,9.501981661678563e-26,1.1045908224274055,4.750990830839281e-22,True
OSBPL10,2.3801498100356166e-32,1.104499890081264,1.1900749050178083e-28,True
FAM160A1,5.357845856426945e-13,1.1034756609159366,2.6789229282134724e-09,True
AC079921.1,2.001780828583836e-18,1.1031580501704132,1.000890414291918e-14,True
NRP2,3.3229853584450173e-22,1.1029106369167554,1.6614926792225087e-18,True
CPED1,5.755174502160554e-31,1.1025572362726566,2.877587251080277e-27,True
PLA2G4A,6.337033253494578e-33,1.102447291229742,3.168516626747289e-29,True
ERBB4,5.6286131089251375e-27,1.1002373588616394,2.814306554462569e-23,True
TCIM,4.83171025930507e-27,1.0982305888518056,2.4158551296525348e-23,True
SMPX,7.228506143404914e-19,1.0955443499493995,3.614253071702457e-15,True
RYR2,5.187943242696138e-17,1.0938936425551993,2.593971621348069e-13,True
CCDC134,2.2913470387139484e-12,1.093309849612298,1.1456735193569742e-08,True
KIAA1217,3.262631674917351e-31,1.0930414592564146,1.6313158374586755e-27,True
IFITM2,4.756531889740709e-27,1.0929649586328622,2.3782659448703546e-23,True
LRTM1,8.179662771461106e-21,1.0912737889771702,4.089831385730553e-17,True
HMX2,8.381020795818556e-24,1.0907794640802488,4.190510397909278e-20,True
STAT3,3.685786598212471e-15,1.09055308907086,1.8428932991062358e-11,True
AL096711.2,2.322539295930275e-16,1.090281073344111,1.1612696479651375e-12,True
FGFR1,6.690430982664899e-22,1.0896849575991348,3.3452154913324496e-18,True
GNG11,3.437467469511683e-28,1.0896540975685483,1.7187337347558417e-24,True
ZPLD1,5.665996002632784e-10,1.0894752312300096,2.8329980013163923e-06,True
GEM,3.7933368211498674e-24,1.0884717649110778,1.8966684105749338e-20,True
PRIM2,7.577396244857436e-19,1.0882859091052461,3.788698122428718e-15,True
LMCD1,1.4027655332307934e-31,1.0876824106287828,7.013827666153967e-28,True
PEG10,3.250275297227486e-18,1.0865007299836804,1.6251376486137428e-14,True
AC079793.1,6.963747885515675e-26,1.0842324273059716,3.4818739427578374e-22,True
SPATA5,1.417674915304028e-23,1.0839860061602646,7.08837457652014e-20,True
TENT4B,3.816918793747701e-21,1.0836599166210343,1.9084593968738503e-17,True
SCFD2,3.2935495309897936e-19,1.0828557538942438,1.6467747654948967e-15,True
ABTB2,1.0182418166860784e-23,1.0823626893292793,5.091209083430392e-20,True
CENPP,5.830622116902206e-16,1.081950762321232,2.915311058451103e-12,True
SLC7A1,8.035042622763765e-19,1.0815643757928013,4.017521311381883e-15,True
GRAMD2B,3.727718714928882e-30,1.0787799493480468,1.863859357464441e-26,True
COX17,6.874054461788284e-28,1.0787391273315539,3.437027230894142e-24,True
TTTY14,3.054188901544078e-24,1.0774769700526163,1.527094450772039e-20,True
PDK4,1.1381608063504196e-30,1.0762716581398664,5.6908040317520984e-27,True
IGFBP5,2.3977302655562132e-26,1.0749108831051488,1.1988651327781066e-22,True
LINC02143,6.312868481945821e-23,1.073937200554439,3.1564342409729103e-19,True
RIMS3,6.383456441303044e-23,1.0737850948038097,3.191728220651522e-19,True
CHST11,7.034716779896945e-17,1.0725930893825892,3.5173583899484723e-13,True
CRISPLD1,1.6518800904993262e-28,1.071571506684864,8.259400452496631e-25,True
CCDC28B,5.111015527805631e-25,1.0711764701926356,2.5555077639028156e-21,True
TSBP1-AS1,1.5317936208666294e-23,1.0700851230207142,7.658968104333147e-20,True
XIST,3.1445361573567213e-21,1.0683303623871356,1.5722680786783607e-17,True
CYGB,2.0954219207248746e-27,1.0681024568968769,1.0477109603624373e-23,True
MYO1B,1.0843287706043548e-14,1.0680350317463254,5.421643853021774e-11,True
CPQ,1.0917100230561103e-26,1.0667994521810904,5.458550115280552e-23,True
FAXDC2,5.263621521360716e-28,1.066668194581685,2.631810760680358e-24,True
NGF,3.442707697933746e-26,1.0662941208507963,1.7213538489668729e-22,True
HES1,4.4668566745535675e-30,1.0661853134006336,2.2334283372767838e-26,True
TSPYL2,3.2381907399169646e-22,1.0653913833247453,1.6190953699584823e-18,True
PTCHD1,3.661361297395766e-16,1.0650553133194265,1.830680648697883e-12,True
HOMER1,5.9105417295705e-22,1.064378313527952,2.9552708647852502e-18,True
PDZD2,1.9766723191197274e-22,1.06296771593771,9.883361595598636e-19,True
CENPF,7.903047146386776e-19,1.0627187579038244,3.951523573193388e-15,True
LINC01250,3.0573839006238664e-15,1.0626506327401064,1.5286919503119332e-11,True
CDCA2,6.155964567643245e-19,1.0621383825679187,3.0779822838216224e-15,True
THBS1,3.5122710362328103e-31,1.0614074342495234,1.7561355181164052e-27,True
TNIK,4.0690792912187875e-13,1.0611960347656626,2.0345396456093937e-09,True
ARHGAP29,2.140467047142809e-15,1.0610603226494335,1.0702335235714045e-11,True
BAALC,1.362191033922e-15,1.060566764116339,6.8109551696100006e-12,True
LINC01776,7.557441116137177e-17,1.05993366495558,3.7787205580685885e-13,True
AP001407.1,2.8445502358349196e-20,1.059811275802466,1.4222751179174599e-16,True
MRPL41,3.440079520094883e-24,1.0582838066320162,1.7200397600474416e-20,True
PDZRN4,1.1582195116091976e-11,1.0573568078081168,5.791097558045988e-08,True
SMAD6,2.145981631451708e-24,1.056795570397869,1.072990815725854e-20,True
H1-2,8.083768095454482e-10,1.056604107945165,4.041884047727241e-06,True
SLAIN1,2.885773847647041e-17,1.0563774654412414,1.4428869238235204e-13,True
REC8,1.8786519635378307e-21,1.0558808219816063,9.393259817689153e-18,True
RUSC2,2.513983003960276e-14,1.0555183411203806,1.256991501980138e-10,True
LDB2,5.847267588008078e-13,1.0514437047011733,2.923633794004039e-09,True
UNC5A,2.9163347040136374e-22,1.0511049429905803,1.4581673520068187e-18,True
RGS10,1.5465958332400193e-19,1.0490169868883943,7.732979166200096e-16,True
CSRP3,2.839200069789005e-21,1.048207210676419,1.4196000348945026e-17,True
GLIS3,1.868091655601555e-29,1.0463151544679472,9.340458278007775e-26,True
P3H2,6.050474670241554e-27,1.0451921039813057,3.025237335120777e-23,True
ATP2B4,2.688862270713997e-10,1.044652501498313,1.3444311353569985e-06,True
AL391807.1,8.070580332406287e-17,1.0442805338482364,4.0352901662031435e-13,True
SPP1,3.875192069530984e-29,1.0412948260139503,1.937596034765492e-25,True
ATG10,4.673777988878378e-11,1.040980805773453,2.336888994439189e-07,True
SERPINB9,1.721241543280762e-15,1.0383564965006213,8.606207716403809e-12,True
COL19A1,5.122249136975713e-25,1.0382602882844445,2.5611245684878565e-21,True
SERTAD1,3.0070952814745006e-24,1.0382424863956183,1.5035476407372503e-20,True
CTXND1,1.9103338089950986e-29,1.0378591638814345,9.551669044975493e-26,True
GP1BB,1.0663154847974222e-16,1.037432001420783,5.331577423987111e-13,True
SMC4,3.3422439300237917e-19,1.0373410698158323,1.6711219650118959e-15,True
SLC44A3-AS1,7.597086095566737e-27,1.0355138940821602,3.798543047783368e-23,True
PFDN4,1.39550990697317e-27,1.0351290327659761,6.97754953486585e-24,True
DACH2,1.0759729150511458e-14,1.0347274917761897,5.3798645752557287e-11,True
MARCHF1,1.0847084452918831e-22,1.0344098053681297,5.423542226459416e-19,True
SLCO3A1,2.64262470751706e-15,1.033859815794829,1.32131235375853e-11,True
TNFRSF19,1.0881339516931193e-26,1.0337585844046877,5.440669758465596e-23,True
FOXP2,2.1955641622030385e-10,1.0328975546516652,1.0977820811015192e-06,True
ENPP2,2.1397650187710964e-23,1.0327892314925697,1.0698825093855482e-19,True
DLGAP5,2.3866001692301943e-17,1.0290218969504161,1.193300084615097e-13,True
AXL,1.0318559211008695e-29,1.028998860614509,5.159279605504348e-26,True
B3GALT1-AS1,6.537226807656761e-23,1.0282440340072108,3.2686134038283805e-19,True
OXCT1,1.3747698874249457e-14,1.0273585120186088,6.873849437124729e-11,True
CAMKMT,7.344216000371897e-19,1.026959722440501,3.672108000185948e-15,True
P2RX7,1.8705323355317174e-28,1.0268946955159919,9.352661677658588e-25,True
BGN,2.6728729253798454e-29,1.026668002023333,1.3364364626899227e-25,True
LINC01828,2.2172910842567403e-21,1.0260201559700524,1.1086455421283702e-17,True
NT5E,1.7457375525935217e-21,1.0257131408002862,8.728687762967608e-18,True
MAN2A1,8.107929648704442e-22,1.02550243151754,4.053964824352221e-18,True
ZDBF2,1.2436956495066393e-11,1.0254977244748749,6.218478247533197e-08,True
CACHD1,5.72455800889726e-24,1.025342315379175,2.86227900444863e-20,True
RRM1,3.316419971725049e-12,1.0242679875274097,1.6582099858625246e-08,True
TIPARP,4.6486345932877834e-18,1.023326724663082,2.3243172966438917e-14,True
TPX2,9.655290418104311e-17,1.0195361639023175,4.827645209052155e-13,True
FSTL4,1.68550715464204e-16,1.0183810757193643,8.427535773210201e-13,True
HMGA2-AS1,1.1313787229588232e-27,1.0173486242897496,5.656893614794116e-24,True
CADM2,5.164866936174901e-19,1.0165560060860193,2.5824334680874507e-15,True
BAMBI,1.9059230647980438e-14,1.0162305356690027,9.52961532399022e-11,True
AC015878.1,4.594139769263681e-18,1.01564576544627,2.2970698846318403e-14,True
HMGB2,4.949521032065809e-11,1.0147663768712394,2.4747605160329044e-07,True
SPSB1,6.919603537478861e-16,1.0140632946707648,3.4598017687394303e-12,True
RREB1,1.0835446013191885e-27,1.0135703487755687,5.417723006595943e-24,True
UBA6-AS1,3.8916073307212096e-13,1.0124872556583664,1.945803665360605e-09,True
ADAMTS9-AS2,4.960969849125963e-24,1.012302675140858,2.4804849245629817e-20,True
CCN2,9.52921792171582e-21,1.0122866574791782,4.76460896085791e-17,True
SPON2,1.1789075682892796e-17,1.0111341447155768,5.894537841446398e-14,True
C12orf75,2.1294364857549634e-14,1.0108274405654525,1.0647182428774817e-10,True
MIR181A1HG,5.315447477734644e-21,1.0086918304255308,2.657723738867322e-17,True
ARHGEF26-AS1,6.9770584308594095e-25,1.008627058924405,3.4885292154297044e-21,True
CDC25C,4.1164742699601157e-16,1.0074383375295146,2.058237134980058e-12,True
AHI1,7.751663418832554e-15,1.0064492365245095,3.875831709416277e-11,True
LYPD6,9.672174648754354e-22,1.005573200507361,4.836087324377177e-18,True
MT2A,3.612619657111072e-27,1.005198159558243,1.806309828555536e-23,True
TFPI2,9.281626106769294e-17,1.0040458578422071,4.640813053384648e-13,True
AGPAT4,1.2203598727240973e-19,1.0038322488764893,6.101799363620486e-16,True
GNA14-AS1,5.8780934796347e-14,1.003293865109046,2.93904673981735e-10,True
SMC2,5.079918204668918e-20,1.0028053065700393,2.5399591023344586e-16,True
TGFB2,2.2135218795946967e-26,1.001212162912175,1.1067609397973484e-22,True
TSPAN2,1.6750372801459508e-17,1.0007091798127528,8.375186400729755e-14,True
DUSP2,4.697682363314379e-22,1.0004740236114027,2.3488411816571892e-18,True
CYTL1,1.124389816640675e-22,1.0003633452356966,5.621949083203374e-19,True
AC093523.1,2.5082283147235944e-18,1.0003517993268596,1.2541141573617972e-14,True
LINC01198,1.3904474691904972e-24,0.9993419930421581,6.952237345952486e-21,True
PPP1R15A,6.215953159396506e-22,0.998890429151595,3.107976579698253e-18,True
EPHA4,2.990550499304118e-22,0.9981867035978481,1.4952752496520592e-18,True
SEC24A,2.352424733467986e-24,0.9972292180403657,1.176212366733993e-20,True
ZNF433-AS1,7.216690535071631e-12,0.9969028781959444,3.6083452675358154e-08,True
HTR1E,5.5796374167416216e-14,0.9965385976838026,2.789818708370811e-10,True
PCSK2,5.726769928953753e-21,0.9956817915446918,2.8633849644768766e-17,True
CEP192,5.9714593447260874e-18,0.9926643016169288,2.985729672363044e-14,True
MTHFD1L,1.119818815052831e-22,0.9926608656891605,5.599094075264155e-19,True
SIK2,1.5570939576612915e-18,0.9919380227356019,7.785469788306458e-15,True
ALDH1A3,1.4656450155510725e-21,0.9918453810343235,7.328225077755363e-18,True
PDLIM1,1.5446237946189499e-21,0.99176886591719,7.72311897309475e-18,True
XBP1,3.0139598083210307e-20,0.9913667962651239,1.5069799041605153e-16,True
VWA8,1.4814648506460487e-19,0.9907117868809798,7.407324253230243e-16,True
PMP2,8.564511684320676e-27,0.9884619364068457,4.282255842160338e-23,True
HSPA6,1.2201767007629901e-18,0.9883722308215728,6.10088350381495e-15,True
TH,6.331919083389708e-20,0.9883687176534606,3.165959541694854e-16,True
HLA-B,1.4298173900614376e-25,0.987470511740273,7.149086950307188e-22,True
CHRNA5,2.0663378352555603e-11,0.9853146708313475,1.0331689176277801e-07,True
TGIF1,2.2632796591517963e-11,0.9849560682560285,1.1316398295758981e-07,True
OPHN1,2.011306708363388e-21,0.9827039505971443,1.005653354181694e-17,True
MCF2L2,1.9097221459449487e-15,0.9826178744806882,9.548610729724743e-12,True
MRAP2,3.845657466782888e-14,0.9818300614682325,1.922828733391444e-10,True
AURKB,1.8315627463553562e-14,0.9813280081013677,9.157813731776782e-11,True
TNFRSF21,5.301273058710608e-16,0.9806532466724531,2.650636529355304e-12,True
CEP112,7.458627996857861e-24,0.9802335291996933,3.7293139984289307e-20,True
AC073529.1,4.611970532080162e-19,0.9788262793347149,2.305985266040081e-15,True
MZT1,2.3410119380222135e-15,0.9785520567846362,1.1705059690111068e-11,True
WWOX,8.922222678748121e-18,0.9777240021008125,4.4611113393740604e-14,True
HS3ST4,1.2693971134064864e-10,0.9756433691251938,6.346985567032432e-07,True
DYNLT3,2.472099683822849e-14,0.9750037252584476,1.2360498419114247e-10,True
MYH6,2.6867735648665116e-16,0.9746209231313709,1.3433867824332558e-12,True
VSTM2L,2.5500563321070725e-12,0.9745355778188808,1.2750281660535362e-08,True
ELL2,1.3062238998409363e-19,0.9742904261007146,6.531119499204681e-16,True
NR4A3,1.459947549745262e-17,0.974019083107279,7.299737748726309e-14,True
PCP4,1.0076668279630847e-17,0.973341029548011,5.0383341398154236e-14,True
MBP,1.7737059241852577e-20,0.9716883124157133,8.868529620926288e-17,True
ERO1B,3.0256242383361058e-19,0.9716563224270733,1.512812119168053e-15,True
PTPRE,1.7503708613638823e-23,0.9708952201552978,8.751854306819411e-20,True
ADAMTSL1,1.860635496941488e-21,0.9707766095134847,9.303177484707439e-18,True
ST6GALNAC5,6.27974095840563e-14,0.9685967100368016,3.1398704792028147e-10,True
CENPE,3.3293211219508404e-15,0.9680183522062362,1.66466056097542e-11,True
CALB2,1.2165702609092412e-15,0.9675895620881348,6.082851304546206e-12,True
FAM117A,1.7898876219893309e-16,0.9665428267379161,8.949438109946654e-13,True
SNX25,7.733256608876536e-19,0.9654550481000905,3.866628304438268e-15,True
INVS,4.915371039492438e-19,0.9629142844265802,2.457685519746219e-15,True
ATAD2,7.152285098769635e-14,0.9618413720671694,3.5761425493848175e-10,True
JUP,2.8046943489753172e-14,0.9617848444011061,1.4023471744876587e-10,True
CCDC171,2.703863059910236e-10,0.9613846703108173,1.351931529955118e-06,True
IRF1,6.467366566715828e-21,0.9612334851521658,3.2336832833579136e-17,True
GMDS-DT,1.1299231177746878e-17,0.9610912255417157,5.649615588873439e-14,True
KIF18A,6.26102214775339e-16,0.9598528741652227,3.1305110738766948e-12,True
TAF4B,2.599113566325863e-18,0.9595166740225353,1.2995567831629314e-14,True
FAM83D,1.2306360597985763e-15,0.959335552514973,6.153180298992882e-12,True
AC007128.1,3.668004428878805e-15,0.9591224879998588,1.8340022144394025e-11,True
KHDRBS2,1.1132075572771334e-09,0.9586876913932123,5.566037786385667e-06,True
NTM,2.4258161575679925e-20,0.9579035876991036,1.2129080787839964e-16,True
POLQ,2.3832295568153904e-14,0.9560427994577745,1.191614778407695e-10,True
NKAIN4,1.3175152484705475e-16,0.9542371075951219,6.587576242352738e-13,True
HDAC9,3.7143106122262755e-17,0.9529875535883454,1.8571553061131376e-13,True
MITF,1.5108397263357196e-22,0.9528023630022102,7.554198631678598e-19,True
ANLN,5.0012171046357255e-16,0.9527787748931416,2.500608552317863e-12,True
ARC,9.093315597533549e-15,0.9518830668877643,4.5466577987667746e-11,True
CKAP2,1.7184065201633843e-10,0.9518213614612845,8.592032600816921e-07,True
CAP2,1.1122200713580144e-13,0.9514063415200087,5.561100356790071e-10,True
CLDN1,2.5655511783285557e-24,0.9513413812114743,1.282775589164278e-20,True
RNF11,7.18447689873423e-16,0.9513246624113123,3.592238449367115e-12,True
DNAH14,2.0931775105055007e-11,0.950199412594408,1.0465887552527504e-07,True
DISP1,1.8441615163351243e-18,0.9493132715309526,9.220807581675622e-15,True
SHISA9,5.5348993671066556e-15,0.9489715292172264,2.767449683553328e-11,True
LY6E,3.1925681186908648e-18,0.9485689261310409,1.5962840593454324e-14,True
SLC18A1,7.801281168403127e-16,0.9481633583489052,3.900640584201563e-12,True
CLDN14,1.6065789019078524e-22,0.9478554815642755,8.032894509539262e-19,True
SLC5A8,2.2468741647765134e-14,0.9456058080546423,1.1234370823882567e-10,True
IFI6,1.4060117089780138e-15,0.944586705391995,7.030058544890069e-12,True
ANKRD46,3.7381170688170505e-09,0.9444805767181077,1.8690585344085253e-05,True
PLK2,7.19842435164463e-18,0.944084507607551,3.599212175822315e-14,True
DOCK2,1.3363305392417816e-12,0.9439389794407217,6.681652696208908e-09,True
KANK4,1.3056749065898797e-24,0.9436795198850341,6.528374532949398e-21,True
IKZF2,3.630343604429643e-21,0.9429966989309723,1.8151718022148215e-17,True
DUSP6,2.151180823864636e-23,0.9423204567529619,1.0755904119323181e-19,True
KPNA2,3.035481720529255e-15,0.9406867926305469,1.5177408602646273e-11,True
FSTL5,1.5803497230942404e-15,0.9406267089522767,7.901748615471203e-12,True
NEDD9,1.6302039829996885e-18,0.9403385239938572,8.151019914998442e-15,True
EPCAM,7.50593752788874e-12,0.940090966650294,3.7529687639443696e-08,True
PDE10A,8.488452841303392e-17,0.9382134658983994,4.244226420651696e-13,True
FABP6,4.383428095719631e-14,0.9374410494790533,2.1917140478598158e-10,True
KCNH5,1.2838022385561818e-09,0.9368161251119528,6.419011192780909e-06,True
VTI1A,4.061517425526382e-12,0.936553202942373,2.030758712763191e-08,True
SLC2A3,1.8711392768970637e-13,0.9329745383039082,9.35569638448532e-10,True
NKD1,5.928221131081533e-10,0.9306274553995314,2.9641105655407664e-06,True
SVBP,1.1710956510702714e-17,0.9298313119823001,5.855478255351357e-14,True
PCDH20,1.462257878837955e-22,0.9296709512239165,7.311289394189775e-19,True
SHROOM3,3.594402931197125e-13,0.9288702087340514,1.7972014655985625e-09,True
H2AJ,3.543569860178357e-18,0.9287180333837926,1.7717849300891783e-14,True
AL109930.1,2.6689339894653877e-13,0.9269285258647806,1.3344669947326939e-09,True
CRADD,1.3016062594733231e-12,0.9267550922955045,6.5080312973666154e-09,True
PTPRD,1.537045544625584e-18,0.9267280378061217,7.68522772312792e-15,True
GMDS,1.28531490747026e-15,0.9264178388930541,6.4265745373513e-12,True
DUSP1,4.853627955707591e-14,0.9260800283865775,2.4268139778537954e-10,True
COX7A1,6.70786155397237e-20,0.9258980196191962,3.3539307769861846e-16,True
BRIP1,7.15138346223419e-11,0.9254239564804194,3.5756917311170947e-07,True
EGR3,1.3969872404109832e-20,0.924983669110809,6.984936202054916e-17,True
GADD45A,1.3077897029413395e-14,0.9236772648275459,6.538948514706697e-11,True
BNIP3,2.442508684085751e-16,0.9230256748577922,1.2212543420428755e-12,True
MYC,1.5130617173374238e-10,0.9226861446937389,7.565308586687119e-07,True
NDC80,3.46547595049452e-15,0.9224476199143443,1.73273797524726e-11,True
ROBO1,1.7093577102146874e-08,0.9217943110576055,8.546788551073437e-05,True
TYMS,8.845645689160146e-10,0.9217670031603736,4.422822844580073e-06,True
NIPSNAP3A,3.71705337802403e-15,0.9213374202167667,1.858526689012015e-11,True
GNAL,3.661624648556598e-11,0.9212251375771254,1.830812324278299e-07,True
MMS22L,3.2221140668011583e-14,0.9209144590483687,1.611057033400579e-10,True
SNX10,5.688121678069497e-13,0.9199269625373759,2.8440608390347483e-09,True
MPP6,4.599023563664846e-11,0.9195433282247518,2.299511781832423e-07,True
ESCO2,1.2050893141730654e-11,0.9190336751653116,6.025446570865328e-08,True
NELL1,1.255624407335819e-13,0.918602458247712,6.278122036679096e-10,True
PRRG4,4.142475254868558e-19,0.9184051361555329,2.071237627434279e-15,True
CDC14B,2.6267668999620723e-18,0.9175525852839174,1.3133834499810362e-14,True
ARHGAP24,2.2806720627210006e-20,0.9168635418419032,1.1403360313605004e-16,True
HS2ST1,6.746528412469279e-14,0.9155467821228472,3.3732642062346396e-10,True
SGO2,6.42560573790704e-14,0.9153113791552081,3.21280286895352e-10,True
ARHGEF3,2.5545965267365275e-09,0.9151698441751994,1.2772982633682638e-05,True
KIF14,4.350032430472938e-11,0.9149807766601228,2.175016215236469e-07,True
ACKR3,5.165197805610888e-21,0.9148712821791862,2.582598902805444e-17,True
DGKH,8.017336227227013e-10,0.9148315892616397,4.008668113613506e-06,True
NET1,2.567120305355315e-19,0.9140498249068105,1.2835601526776575e-15,True
ABCA5,6.41231400713318e-11,0.9138720428404642,3.20615700356659e-07,True
NCAPG,2.0699463060798655e-12,0.9125924989166263,1.0349731530399328e-08,True
IGFBP7,6.01648541662655e-19,0.9124108265611666,3.008242708313275e-15,True
MIR181A2HG,2.0637101414851332e-17,0.9116655544868006,1.0318550707425666e-13,True
MIR222HG,1.504167889082333e-20,0.9116530202610645,7.520839445411665e-17,True
CBLB,8.845568357830053e-15,0.9115172345736036,4.4227841789150266e-11,True
MORN3,1.985983583968007e-09,0.9115133625114438,9.929917919840035e-06,True
DIRC3,8.969657641907706e-10,0.9102216583890274,4.484828820953853e-06,True
CISD1,9.440795959893442e-20,0.9072096658287333,4.720397979946721e-16,True
CRY1,2.4946763250631176e-15,0.9069451796156738,1.2473381625315588e-11,True
EFCAB2,2.176004708303434e-10,0.9047134539550244,1.088002354151717e-06,True
PARD6G-AS1,1.0618645045093622e-14,0.9047000702816494,5.309322522546811e-11,True
DDC,5.390825417192126e-14,0.904416640447044,2.695412708596063e-10,True
PPM1L,1.069671114106572e-11,0.9041272245634016,5.34835557053286e-08,True
MDFI,9.017644971776923e-10,0.9039509787377171,4.508822485888461e-06,True
RFX2,1.6961607942929148e-13,0.9039187563734966,8.480803971464574e-10,True
ENO3,3.537196017947279e-18,0.9020304707764224,1.7685980089736395e-14,True
MAD2L1,6.83063584480786e-09,0.9018566132397279,3.41531792240393e-05,True
CELSR3,9.783752866148673e-14,0.9016643702933484,4.891876433074337e-10,True
AL049779.4,3.999264152319588e-14,0.901581444251901,1.9996320761597938e-10,True
HELB,1.2489037510918421e-11,0.90126061551695,6.24451875545921e-08,True
BCO2,1.765861554253212e-10,0.8987290323048368,8.82930777126606e-07,True
GRK5,5.7367383890319334e-11,0.898167340596504,2.8683691945159666e-07,True
ALG14,6.930854260775886e-17,0.897487297785536,3.465427130387943e-13,True
CCDC7,4.2318743467705097e-17,0.8973069459787907,2.1159371733852547e-13,True
UNC5D,2.5612110006257104e-13,0.8962613458742965,1.2806055003128552e-09,True
ASPM,1.6862264198191356e-13,0.8960399587917711,8.431132099095678e-10,True
TACC3,7.352276996146987e-14,0.8956609774566149,3.6761384980734935e-10,True
FITM1,5.460794826186698e-11,0.8950586203974082,2.730397413093349e-07,True
TNFRSF12A,6.740397818562289e-21,0.8919149172547836,3.370198909281144e-17,True
KIF18B,1.9956056261021327e-12,0.8918157788964332,9.978028130510664e-09,True
ARAP2,8.24109622231491e-21,0.8917879966950932,4.1205481111574554e-17,True
MOB3B,1.1045640459694121e-09,0.8914087002779252,5.52282022984706e-06,True
WDR54,1.4572860207238724e-15,0.891133661138269,7.286430103619362e-12,True
ARHGAP11A,9.190122897363943e-13,0.8887708514188455,4.595061448681972e-09,True
ZNF331,2.864586317311657e-14,0.8872558612120959,1.4322931586558284e-10,True
MAP2K6,1.029518392221732e-13,0.8857054980914091,5.14759196110866e-10,True
SINHCAF,5.359762092961351e-09,0.8833496377261595,2.6798810464806757e-05,True
KIFC1,1.9589507143971797e-11,0.8825108862813827,9.794753571985899e-08,True
PHF8,2.8837168245326594e-11,0.8822625225696392,1.4418584122663298e-07,True
NELL2,4.5369949595573664e-11,0.8817634902266991,2.268497479778683e-07,True
DIAPH3,7.494919478034833e-16,0.8817401358744252,3.747459739017416e-12,True
AL117190.2,3.88954528183646e-15,0.8816023517396965,1.94477264091823e-11,True
DPYD-AS1,2.4841198701944625e-17,0.8815028124980238,1.2420599350972313e-13,True
CHODL,2.9775808149856145e-13,0.881172820780839,1.4887904074928072e-09,True
CHRM3-AS2,6.77265129219215e-15,0.8798332659334526,3.386325646096075e-11,True
TOB1,8.208878784260025e-12,0.8793777453661015,4.1044393921300124e-08,True
MKI67,4.0645567091230555e-13,0.8781157389899905,2.032278354561528e-09,True
ANAPC13,1.793962816114215e-15,0.8768825980415134,8.969814080571075e-12,True
ECE1,1.0501051160522121e-08,0.876544477439398,5.2505255802610606e-05,True
MELK,1.856108127025153e-11,0.8762518885069408,9.280540635125765e-08,True
GLRB,1.4327808696350452e-14,0.874652773967692,7.163904348175226e-11,True
AC100801.1,4.371594230449999e-12,0.8736738620224787,2.1857971152249997e-08,True
AP003086.1,3.1478041516004497e-16,0.8718304112856066,1.573902075800225e-12,True
NUDT14,3.3172718556194436e-17,0.871551181550843,1.6586359278097217e-13,True
PCSK6,3.485694159743214e-11,0.8709217998562331,1.742847079871607e-07,True
LINC01339,8.506556814807901e-20,0.870916693392914,4.2532784074039506e-16,True
GPSM2,8.65214324796457e-15,0.8667022261216452,4.3260716239822854e-11,True
CEP128,2.863953936945995e-11,0.8664094038466446,1.4319769684729975e-07,True
GTSE1,2.477043840141319e-10,0.8663123871971036,1.2385219200706595e-06,True
LMO1,1.269303630771448e-16,0.8654071608002458,6.346518153857239e-13,True
MSX2,1.5654391574001915e-10,0.8647439473907048,7.827195787000957e-07,True
COL6A2,3.471629188565844e-18,0.8632231352948796,1.735814594282922e-14,True
NLGN4Y,2.7265897601599305e-15,0.8624613568110867,1.3632948800799653e-11,True
LOXL2,6.4293892033818144e-21,0.8621538983146539,3.214694601690907e-17,True
CAV1,3.901729678730504e-09,0.8596219178752191,1.9508648393652517e-05,True
OSBPL3,2.9975222359363093e-13,0.8595819092255823,1.4987611179681546e-09,True
AC006148.1,1.122417853145769e-11,0.8594281237977514,5.612089265728845e-08,True
WDPCP,6.491053950815509e-15,0.8581056132791426,3.245526975407754e-11,True
FOSB,4.28476448620378e-13,0.8579789106244482,2.14238224310189e-09,True
WARS1,2.098130216123373e-15,0.8570141283959444,1.0490651080616866e-11,True
FBXO5,1.1078001872304607e-11,0.8562692251865514,5.539000936152304e-08,True
CLPB,7.640991020884599e-12,0.8561846660985782,3.8204955104422995e-08,True
SAT1,4.78766529625601e-18,0.856053654115136,2.393832648128005e-14,True
ADAMTS15,7.148706061575863e-15,0.8560139038457361,3.574353030787931e-11,True
NHSL1,2.5525013199479085e-18,0.8556956218504477,1.2762506599739542e-14,True
PLPP3,1.9884471367211223e-19,0.8550168899967838,9.942235683605612e-16,True
KIF15,6.528675411908932e-12,0.8544006440084757,3.2643377059544664e-08,True
TOP2A,4.9090560780430345e-12,0.8542683747386717,2.4545280390215174e-08,True
GHR,6.169506304046801e-09,0.8535230533354325,3.0847531520234006e-05,True
CPT1C,1.0041628033820699e-11,0.8528081021746851,5.02081401691035e-08,True
PKP4,4.1265107933226923e-13,0.8527572298890786,2.063255396661346e-09,True
LINC01829,6.182469650966778e-12,0.8526310070334808,3.091234825483389e-08,True
F3,6.570325928031453e-19,0.8521230626041885,3.2851629640157266e-15,True
AC109441.1,5.002060405668815e-15,0.8513417706419663,2.5010302028344076e-11,True
EGR1,1.6748381793147135e-09,0.8512484525539721,8.374190896573568e-06,True
ADAMTS16,1.836063825023817e-17,0.8510142830826776,9.180319125119085e-14,True
FAM198B-AS1,6.876146989254419e-19,0.8487929523047103,3.4380734946272096e-15,True
NKAIN2,2.6953285124566926e-19,0.8487170188640305,1.3476642562283463e-15,True
CCDC85B,1.5799227121580979e-12,0.8483218375422507,7.89961356079049e-09,True
BMS1P10,1.1423239353767487e-13,0.8479295160605987,5.711619676883744e-10,True
KCNMB2,1.1590303257028472e-15,0.8474097496858999,5.795151628514236e-12,True
PRAG1,1.3283228370542224e-14,0.8467581809117457,6.641614185271112e-11,True
FBN2,1.8245301371577258e-13,0.8457860606368651,9.122650685788629e-10,True
PTTG1,6.3042406740383256e-09,0.8457791111816753,3.152120337019163e-05,True
COL21A1,2.0648899420269828e-13,0.845187728276541,1.0324449710134915e-09,True
SLC12A2,7.07035070382022e-12,0.8451570544161338,3.53517535191011e-08,True
ZUP1,1.6413999560530696e-13,0.8449119870661713,8.206999780265348e-10,True
CBLN2,4.085083275145512e-12,0.8445811532320301,2.042541637572756e-08,True
TTK,6.444500641540237e-11,0.8445095620967706,3.2222503207701184e-07,True
PPM1D,1.938129528666894e-12,0.8444780982841458,9.690647643334471e-09,True
SSBP4,2.841852580361154e-14,0.8439220603606762,1.420926290180577e-10,True
ALPK3,8.640186859230401e-14,0.8438208827131292,4.3200934296152005e-10,True
SH3GL2,3.1848012400104685e-09,0.843362633624283,1.592400620005234e-05,True
GNAI1,3.578864294220902e-12,0.8409590317768609,1.789432147110451e-08,True
PRKN,1.3973609350260365e-14,0.8406246805668196,6.986804675130182e-11,True
HCFC1R1,7.16816508368591e-09,0.8403992138039214,3.584082541842955e-05,True
FREM2,3.1700144643845153e-15,0.8400750940255699,1.5850072321922576e-11,True
DEPDC1B,2.193758119737067e-12,0.8399714066416115,1.0968790598685334e-08,True
ADAMTS6,4.444698540982468e-16,0.8395759660852021,2.222349270491234e-12,True
CKAP2L,3.7342742995440345e-11,0.8369114760198129,1.8671371497720172e-07,True
CDO1,3.1204512512172625e-11,0.8340764008289203,1.5602256256086312e-07,True
NFKBIA,2.134517773888389e-15,0.8340313675544114,1.0672588869441945e-11,True
FXYD7,8.690749547226981e-12,0.8334226578070381,4.345374773613491e-08,True
GOT1,5.805510630717081e-10,0.833421957615883,2.9027553153585403e-06,True
COX6A2,7.025984971415424e-11,0.8334204219794766,3.512992485707712e-07,True
RAMP2,1.003510135578766e-12,0.8330008595340903,5.0175506778938295e-09,True
NFATC2,1.7884103375441056e-18,0.8325667351852541,8.942051687720527e-15,True
SGCD,1.8976047746303527e-16,0.8321364925143635,9.488023873151763e-13,True
AC116562.3,5.056221284955529e-18,0.8310120710203046,2.5281106424777645e-14,True
MICAL1,1.6325660160341548e-11,0.8302097391696133,8.162830080170774e-08,True
PELI2,7.02728780926037e-16,0.8295512843184417,3.5136439046301853e-12,True
SHROOM4,5.907302826057424e-19,0.8292852449015788,2.953651413028712e-15,True
LEF1,7.245861642605853e-09,0.827877649902377,3.6229308213029265e-05,True
LTBP1,2.0480078956600732e-14,0.8260458201569181,1.0240039478300366e-10,True
RBM24,5.849749147748113e-09,0.8259538852375499,2.9248745738740564e-05,True
PARPBP,7.595803995909255e-11,0.8255774469239285,3.7979019979546274e-07,True
TRAF3,2.8836754009134154e-13,0.8240169844422276,1.4418377004567077e-09,True
NFATC1,2.183026935173744e-17,0.824003838085794,1.0915134675868721e-13,True
PRICKLE1,3.695229621245922e-11,0.8239525052514478,1.847614810622961e-07,True
COX10-AS1,1.8934439788072015e-13,0.8236820547685941,9.467219894036007e-10,True
ETS2,3.911307366311305e-14,0.8197940530755783,1.9556536831556523e-10,True
ECT2,4.399633575123195e-11,0.8197497140946969,2.1998167875615977e-07,True
NUF2,1.9894058197409345e-10,0.8190065161709859,9.947029098704672e-07,True
KIF20B,6.840364720668786e-10,0.8183246645024422,3.420182360334393e-06,True
KANK1,2.9795243705804515e-18,0.8174531527826812,1.4897621852902256e-14,True
DIPK2A,1.822542792932928e-12,0.8174190612365118,9.11271396466464e-09,True
SERINC5,4.743693176911151e-14,0.8172490962327712,2.3718465884555756e-10,True
ZFPM2,1.5247386972979899e-13,0.8164874445211555,7.62369348648995e-10,True
CENPU,4.800958072529832e-11,0.8164342829994893,2.400479036264916e-07,True
EDIL3,1.0253854608569757e-08,0.8162904773300956,5.126927304284879e-05,True
H2BC5,9.22944636690889e-14,0.8149053892876987,4.614723183454445e-10,True
DDAH1,1.6888622798104653e-08,0.8147812801716647,8.444311399052327e-05,True
GSTM3,1.2138663851718836e-10,0.8129550051903178,6.069331925859418e-07,True
NAMPT,2.06642889308344e-13,0.8125329351524636,1.03321444654172e-09,True
CKAP5,2.2826688516382458e-10,0.8122080614028103,1.1413344258191228e-06,True
EIF2AK3,2.688152161328836e-13,0.8120984273112828,1.344076080664418e-09,True
PLEKHH2,3.80767602130284e-11,0.8119802710004156,1.90383801065142e-07,True
ZWINT,1.8973227106619012e-08,0.8116110759311153,9.486613553309506e-05,True
GPR176,1.660136604151835e-11,0.8101864421872677,8.300683020759175e-08,True
GAS6,5.6980159740339884e-11,0.809453484037323,2.849007987016994e-07,True
MIEN1,4.734942084611253e-13,0.8085023435325844,2.3674710423056266e-09,True
PRC1,1.6773178918951143e-09,0.8081715689770953,8.386589459475572e-06,True
MIR924HG,5.381399008281336e-11,0.808031218737804,2.690699504140668e-07,True
SPRY2,7.850875873166825e-13,0.8060352377450913,3.925437936583413e-09,True
NFIL3,2.643164222688854e-13,0.8058041474035743,1.321582111344427e-09,True
BMP6,4.728114792553837e-13,0.8057482929657842,2.3640573962769186e-09,True
PAWR,4.232461837704081e-12,0.8045800682659785,2.1162309188520404e-08,True
ERRFI1,4.250260164869027e-12,0.8042116243748869,2.1251300824345136e-08,True
HAS2,4.1612519686705625e-17,0.8036156653862297,2.0806259843352814e-13,True
G0S2,1.8541001166690127e-09,0.8033366735013739,9.270500583345064e-06,True
GCNT2,1.1575798451394767e-10,0.802261385413889,5.787899225697383e-07,True
FBXO33,7.773284721277931e-12,0.7999631749072056,3.8866423606389654e-08,True
ADM,1.1100742441182128e-11,0.798844097896099,5.550371220591064e-08,True
GIPC2,7.46064866816164e-12,0.798725532785699,3.7303243340808194e-08,True
AC022075.1,1.6063567757784668e-12,0.7984174691200863,8.031783878892334e-09,True
FAM241A,5.464238092236015e-13,0.7973078705950318,2.7321190461180074e-09,True
ST3GAL1,7.318388981936908e-13,0.7972394281623341,3.659194490968454e-09,True
FBXO32,6.918178794135726e-16,0.7971391146358895,3.459089397067863e-12,True
LRFN5,4.293952334399131e-15,0.7968246658518519,2.1469761671995654e-11,True
SUGCT,1.045011431399952e-15,0.7966121484688748,5.22505715699976e-12,True
H2AC6,4.861540393473869e-13,0.7923854839201585,2.4307701967369345e-09,True
AC120193.1,8.65614678505651e-10,0.7922176700637542,4.328073392528255e-06,True
ZFPM2-AS1,6.334497772479709e-12,0.7921888102198542,3.1672488862398546e-08,True
ERBB2,3.522301716420366e-17,0.7920220598299211,1.7611508582101831e-13,True
LUZP2,3.518000214312186e-14,0.791875268317596,1.759000107156093e-10,True
APOLD1,2.9601210238086815e-11,0.7916338591631957,1.4800605119043408e-07,True
DCK,1.011646036993032e-11,0.7912113734965804,5.0582301849651605e-08,True
METTL7A,1.0357895881922177e-09,0.7907162011227654,5.178947940961089e-06,True
PTX3,6.908676080344752e-17,0.7900843025973077,3.454338040172376e-13,True
TMEM217,2.839419950667309e-13,0.7898011666157694,1.4197099753336545e-09,True
AC008667.1,4.916088985586017e-16,0.7884837188190921,2.4580444927930084e-12,True
SLC16A3,2.381107460610862e-10,0.7883103161512167,1.1905537303054311e-06,True
GPC3,5.470799495071171e-17,0.7871626562339485,2.7353997475355854e-13,True
LINC01572,9.684104596022982e-12,0.7857371050977244,4.842052298011491e-08,True
SORCS2,8.057206821379758e-12,0.785735079944259,4.028603410689879e-08,True
TMEM47,6.79653027195268e-15,0.7856971350800681,3.39826513597634e-11,True
NETO2,9.99071431638513e-12,0.7850107923223186,4.995357158192565e-08,True
PLLP,5.219945710923181e-14,0.7844563444365396,2.6099728554615906e-10,True
RFC3,1.1027290786742114e-10,0.7814201323074854,5.513645393371057e-07,True
CRIP1,1.9296247685998375e-11,0.7807115082631442,9.648123842999187e-08,True
CACNA1D,5.963933186526177e-14,0.7806958116076763,2.981966593263088e-10,True
C4orf19,9.770990604391205e-14,0.7806010041693505,4.885495302195602e-10,True
CNGB1,2.145616051409612e-15,0.7805876024045612,1.072808025704806e-11,True
COX4I2,1.7151007816773558e-09,0.7804791332774144,8.575503908386779e-06,True
GCH1,2.8821939214917765e-12,0.7801877332993122,1.4410969607458882e-08,True
AC008591.1,1.2706312653032058e-08,0.7801108008907308,6.353156326516029e-05,True
HS3ST3A1,1.1746902961775237e-15,0.7767713043325515,5.873451480887618e-12,True
COBLL1,3.767640705864733e-17,0.7765582968069227,1.8838203529323666e-13,True
SPC25,5.9896005314106165e-09,0.7753780262935883,2.9948002657053084e-05,True
CCDC34,5.713249797595161e-09,0.7752084943910567,2.8566248987975803e-05,True
HSPB7,6.664795236778574e-10,0.7747583157011119,3.3323976183892867e-06,True
BID,1.0600475896840065e-10,0.7726958317470768,5.300237948420033e-07,True
AL512330.1,4.0452800588291966e-10,0.7725456969184868,2.0226400294145982e-06,True
GPR162,1.0615374409009526e-13,0.771193641470651,5.307687204504764e-10,True
MB,1.622671743241305e-09,0.770950964503411,8.113358716206524e-06,True
AC069228.1,5.149370814209036e-14,0.7697802739151163,2.5746854071045183e-10,True
UNC13C,1.2768057807739477e-08,0.7686371663566515,6.384028903869738e-05,True
PIMREG,4.5062837487015525e-09,0.7679937756651835,2.2531418743507762e-05,True
KNL1,1.2899391469429435e-08,0.7677026980941408,6.449695734714718e-05,True
FOSL2,1.4735670125716988e-12,0.7673770117796462,7.367835062858494e-09,True
SH3RF3,3.8391567095229165e-14,0.7669995630209261,1.9195783547614581e-10,True
TSHZ3,1.402082450658072e-08,0.7667047350130219,7.01041225329036e-05,True
AL121768.1,5.3564387478259415e-11,0.7653478028213637,2.678219373912971e-07,True
CCNB2,1.383787549089471e-09,0.7649766847567134,6.918937745447355e-06,True
TSTD1,9.436159863330336e-11,0.7620701851444995,4.718079931665168e-07,True
AC104232.3,2.375362942923617e-13,0.7617555119211251,1.1876814714618084e-09,True
BIN3,7.543843639708974e-12,0.7601664988704232,3.771921819854487e-08,True
CHCHD6,6.71465030068172e-09,0.7596577243947363,3.35732515034086e-05,True
SLC2A6,4.638831789632164e-11,0.7588524846558401,2.319415894816082e-07,True
FILIP1,8.812603237112452e-11,0.7577444734079078,4.406301618556226e-07,True
AC068931.1,1.0453201817933052e-10,0.7572859980987576,5.226600908966526e-07,True
CCDC18,1.62782877456373e-13,0.7572550122384941,8.139143872818649e-10,True
DBF4,1.1937273656765046e-09,0.7571320758437667,5.968636828382523e-06,True
KLF2,8.214037636476465e-14,0.7552084121786597,4.107018818238232e-10,True
AC004540.2,2.8058969323979703e-09,0.7546190159160375,1.4029484661989851e-05,True
DDIT4,1.2396598777031855e-11,0.7545996657116445,6.198299388515927e-08,True
LINC02240,1.1602169165036644e-15,0.7541221458855345,5.8010845825183225e-12,True
BUB1,4.462347683694056e-09,0.7538750553978613,2.231173841847028e-05,True
KIF5C-AS1,1.990897519074503e-11,0.753473710896307,9.954487595372516e-08,True
UBE3D,5.4939511561274004e-11,0.7532806314537188,2.7469755780637004e-07,True
PLOD2,3.497412970755277e-14,0.7529015287979504,1.7487064853776384e-10,True
RGS2,7.2389277890467e-11,0.7512405724775546,3.61946389452335e-07,True
ADAMTSL4-AS1,7.085114328656698e-11,0.7509740411170622,3.542557164328349e-07,True
ITGB5,1.370849171542397e-13,0.7488455288351639,6.854245857711985e-10,True
KIF23,1.5196035875548145e-09,0.7484461334607337,7.598017937774072e-06,True
KIAA1671,7.150639798779473e-11,0.7477877512953616,3.575319899389736e-07,True
CKM,9.147239100798214e-11,0.746884688533715,4.5736195503991067e-07,True
BOLA2B,2.3857562796329836e-10,0.746846535914,1.1928781398164917e-06,True
MIR4435-2HG,1.2533795514077362e-13,0.7460123953725605,6.266897757038681e-10,True
NPPB,2.918184847459543e-09,0.7456351520239671,1.4590924237297715e-05,True
DEPP1,6.476653073879623e-11,0.7456102307727235,3.238326536939812e-07,True
PDK3,7.34926959899742e-12,0.7449167966472958,3.67463479949871e-08,True
HECW2,3.566282639699623e-11,0.7448568406111892,1.7831413198498115e-07,True
HSPB8,2.247196122086769e-09,0.7448337064530399,1.1235980610433845e-05,True
BDNF,1.970829127418645e-10,0.7437646574468267,9.854145637093225e-07,True
CTH,4.291611541764625e-11,0.7437119499828447,2.1458057708823125e-07,True
HEYL,4.4617960669392406e-14,0.7431821444893635,2.2308980334696204e-10,True
DSEL,1.874402908986945e-09,0.741964112940239,9.372014544934724e-06,True
LRRC4C,2.0302927102054985e-11,0.7415423367702514,1.0151463551027493e-07,True
ANKRD37,2.2544399968209576e-11,0.7397116465117287,1.1272199984104788e-07,True
TEAD4,5.146068812118716e-13,0.7394345579579027,2.573034406059358e-09,True
FZD1,4.747470484464673e-14,0.7370081686910592,2.3737352422323363e-10,True
AC068205.1,7.903685988666623e-09,0.7359216049443832,3.9518429943333116e-05,True
HDX,1.6396869038492445e-10,0.734685631622977,8.198434519246223e-07,True
MAFF,6.648387210490742e-13,0.7339067002550597,3.324193605245371e-09,True
AC119674.2,6.01481162645229e-13,0.7330748028470444,3.0074058132261452e-09,True
CCDC146,3.307242265018501e-11,0.7330342589186007,1.6536211325092502e-07,True
AC018362.3,4.724044789727881e-11,0.7325047487303282,2.3620223948639404e-07,True
CDKN2AIPNL,7.741445758542717e-11,0.7318023088286564,3.870722879271358e-07,True
CYTOR,2.808409549033479e-13,0.7311652845914617,1.4042047745167394e-09,True
MYADM,6.834110113961467e-10,0.7306398067324531,3.4170550569807336e-06,True
KIAA0825,6.304090053523535e-13,0.7299008797508123,3.1520450267617675e-09,True
GADD45G,1.527717042740282e-10,0.7288129393090315,7.63858521370141e-07,True
SCGN,1.8616257691707838e-09,0.7288071749021641,9.30812884585392e-06,True
ATP10B,1.3392316844231292e-10,0.7279994518624348,6.696158422115646e-07,True
CRABP2,4.400468807024139e-10,0.7261857689986919,2.2002344035120696e-06,True
DPCD,3.7385134095287363e-10,0.7259232932203801,1.8692567047643681e-06,True
CSRNP1,6.729485527427439e-11,0.7240471723008488,3.3647427637137196e-07,True
PROS1,5.792736431195671e-12,0.7199263743428781,2.8963682155978353e-08,True
TCAP,1.083959041493825e-09,0.7186162046267799,5.419795207469125e-06,True
AC016716.1,8.614153209572474e-11,0.7182435183534156,4.307076604786237e-07,True
ADAMTS8,8.844680622326346e-14,0.7180469867651044,4.422340311163173e-10,True
CTNNA3,2.253938930161505e-13,0.7177255510195224,1.1269694650807526e-09,True
AC104596.1,1.8520394967425958e-08,0.7171465936776045,9.260197483712979e-05,True
FAT4,4.0677872896707004e-10,0.7163613025751561,2.03389364483535e-06,True
CHP1,8.404423496257575e-10,0.7151000360312539,4.202211748128787e-06,True
LURAP1L,2.219590755650112e-11,0.7146711441773572,1.109795377825056e-07,True
STK17A,1.2503241673682346e-12,0.7144344445628952,6.251620836841173e-09,True
TRAPPC1,2.064071793590241e-12,0.7130040243219479,1.0320358967951206e-08,True
IL34,3.2585536602292115e-10,0.709922228253302,1.6292768301146057e-06,True
PRLHR,2.2965655713942985e-09,0.7089285132678108,1.1482827856971493e-05,True
DES,8.229097488793987e-10,0.7084207602287342,4.114548744396993e-06,True
TCTEX1D2,1.7453546822215818e-08,0.7083773092647394,8.726773411107909e-05,True
SAMD12,2.5522051496215646e-12,0.7080673305654531,1.2761025748107823e-08,True
CDH12,2.0841714352760113e-10,0.7076951652475719,1.0420857176380057e-06,True
AP001347.1,1.4141529900057805e-09,0.7075215359830898,7.070764950028903e-06,True
S100A4,1.0280515604985666e-11,0.7072578298003229,5.140257802492833e-08,True
PRELID2,7.901288358115266e-11,0.7061814238046518,3.950644179057633e-07,True
EPB41,1.1855841839396782e-08,0.7031254785504494,5.927920919698391e-05,True
CHST9,1.251144946054191e-10,0.7027898710941081,6.255724730270955e-07,True
HLA-C,1.0700011832546862e-08,0.7011489698859368,5.3500059162734315e-05,True
CEBPD,3.098091574984541e-13,0.701134142300778,1.5490457874922705e-09,True
CDH13,1.2897377592222528e-11,0.6971985868811867,6.448688796111264e-08,True
MCM3,4.514715585466782e-09,0.696423210838787,2.257357792733391e-05,True
ANGPTL1,1.7232076197535693e-09,0.6962859297251032,8.616038098767846e-06,True
B4GALNT3,4.7778307383641515e-11,0.6961893643517376,2.388915369182076e-07,True
ELAPOR1,3.830953059413822e-09,0.6959508957742151,1.915476529706911e-05,True
TMEM67,3.605427231528237e-11,0.6950058974694819,1.8027136157641185e-07,True
MIPOL1,1.0466842569900412e-10,0.6923369765784831,5.233421284950206e-07,True
AL008633.1,1.064590098759007e-09,0.6908445582901122,5.322950493795035e-06,True
NOX4,1.0264469107840214e-09,0.6905890653545949,5.132234553920107e-06,True
AC114316.1,1.592623112941324e-08,0.6898710210189398,7.963115564706621e-05,True
ADORA2A,3.3427872899916314e-10,0.6888959859776573,1.6713936449958158e-06,True
NRP1,1.7134734911253091e-10,0.6857530468275711,8.567367455626545e-07,True
EVC2,1.1839495877267934e-11,0.6818329038586016,5.919747938633967e-08,True
SYT10,2.9978857114493147e-11,0.6814397847619029,1.4989428557246574e-07,True
RNF180,3.5142523843179264e-09,0.6789082896428416,1.7571261921589633e-05,True
KIF4A,1.6309210317473042e-08,0.6769692943703939,8.15460515873652e-05,True
AC007000.4,5.382506951000344e-10,0.6759334692120433,2.6912534755001724e-06,True
GRIN2B,8.529814523352464e-12,0.6750968840722216,4.264907261676232e-08,True
ANO3,2.373261356281147e-10,0.6741390817676949,1.1866306781405735e-06,True
COL9A2,1.5491124457749194e-08,0.6737959609945114,7.745562228874597e-05,True
METTL24,8.513978145686144e-11,0.6729419216270534,4.256989072843072e-07,True
ARID5B,7.247704250150127e-10,0.6722123093050341,3.6238521250750637e-06,True
FAM163B,1.1829025495684095e-09,0.6717083329192515,5.914512747842048e-06,True
ANK1,9.642234981113237e-09,0.6715866135549243,4.821117490556618e-05,True
AC023905.1,1.4188754486844369e-11,0.6677981982793053,7.094377243422184e-08,True
AC008562.1,2.136985939046794e-09,0.6669669950684544,1.068492969523397e-05,True
NFKBIZ,1.7653906244093272e-10,0.6665052574971144,8.826953122046636e-07,True
LRIG1,9.71791818360216e-12,0.6648820166812602,4.85895909180108e-08,True
CRPPA,1.2929882173548985e-09,0.6596724871563261,6.464941086774493e-06,True
GALNT18,2.0292790232317906e-10,0.6524202999293274,1.0146395116158953e-06,True
ETV6,8.716561243491572e-11,0.6507836957329236,4.358280621745786e-07,True
TMEM178A,1.717192399118891e-10,0.6501807139041698,8.585961995594456e-07,True
ARID5A,3.822953610661322e-11,0.6500397171228559,1.911476805330661e-07,True
U91319.1,1.5147612010649123e-09,0.6493636906114225,7.573806005324562e-06,True
GAS1,2.94791615928272e-11,0.6487124040617449,1.4739580796413599e-07,True
AKAIN1,3.325779013477726e-10,0.6458870472713036,1.6628895067388629e-06,True
LINC01608,1.2321875701068395e-09,0.6431261906574356,6.160937850534197e-06,True
LPAR6,1.279691708247462e-08,0.6422293704864273,6.398458541237311e-05,True
AC092069.1,1.0646456162542044e-08,0.6374811624985006,5.323228081271022e-05,True
CDH4,5.3424383543300025e-11,0.6356800531925533,2.6712191771650013e-07,True
RUNX2,6.955573430687991e-10,0.6322718904092715,3.4777867153439955e-06,True
PAPSS2,4.576997805098865e-09,0.6284022701570285,2.2884989025494325e-05,True
AC084740.1,2.9750769815776165e-09,0.6265283418410195,1.4875384907888083e-05,True
KCNE4,4.07492045875598e-10,0.6260009146251655,2.03746022937799e-06,True
COL6A6,1.0460708027245714e-09,0.625170906138603,5.230354013622857e-06,True
ADAMTSL3,1.165926959576596e-10,0.6219949660672961,5.82963479788298e-07,True
ISG15,6.097814050875054e-09,0.620112478627226,3.048907025437527e-05,True
SDC2,1.4394446699236006e-09,0.6177545197936994,7.197223349618003e-06,True
TP63,2.458330658365071e-10,0.6157986968875735,1.2291653291825355e-06,True
AC104389.5,2.5637057189737915e-09,0.6152015452332704,1.2818528594868958e-05,True
EMP1,1.1002126319641443e-09,0.610933330904325,5.501063159820721e-06,True
AC073332.1,1.1480064258808737e-09,0.6108433204730412,5.7400321294043685e-06,True
AC007368.1,6.044877652479125e-10,0.6055980195731459,3.022438826239562e-06,True
MAP4K3-DT,4.1389198928643e-09,0.6018818084691695,2.06945994643215e-05,True
LINC01036,6.624775142804981e-09,0.6017589761235269,3.31238757140249e-05,True
MEF2C-AS1,1.8044502131978923e-09,0.5981564848760843,9.022251065989461e-06,True
SERPINE1,9.86469157759084e-09,0.59639133363991,4.93234578879542e-05,True
TEX41,2.8356499789173456e-09,0.5896506142659159,1.4178249894586729e-05,True
BHLHE40,1.7882262961757203e-09,0.5874199485232992,8.941131480878602e-06,True
LPL,9.668773291270944e-09,0.5787235313541057,4.8343866456354725e-05,True
MEOX1,1.4115517291068136e-08,0.5782152461931481,7.057758645534068e-05,True
MYOF,2.0145969027733624e-09,0.5773078608887355,1.0072984513866811e-05,True
IFI44L,3.2970105559210785e-09,0.5739429035763368,1.6485052779605392e-05,True
